url	category	date	eventDate	card_before	card_after	event_label
/en/travel-guide/disney-tickets/		2026-07-06		2026年7月6日	2026年7月6日	
/en/travel-guide/family-packing/		2026-08-17		2026年8月17日	2026年8月17日	
/en/travel-guide/hotels/access/		2026-06-16		2026年6月16日	2026年6月16日	
/en/travel-guide/hotels/ambassador-hotel/		2026-06-17		2026年6月17日	2026年6月17日	
/en/travel-guide/hotels/bayhotel-urayasu/		2026-06-17		2026年6月17日	2026年6月17日	
/en/travel-guide/hotels/brighton-tokyo-bay/		2026-06-17		2026年6月17日	2026年6月17日	
/en/travel-guide/hotels/budget/		2026-06-16		2026年6月16日	2026年6月16日	
/en/travel-guide/hotels/celebration-discover/		2026-06-17		2026年6月17日	2026年6月17日	
/en/travel-guide/hotels/celebration-wish/		2026-06-17		2026年6月17日	2026年6月17日	
/en/travel-guide/hotels/comfort-suites-tokyo-bay/		2026-06-17		2026年6月17日	2026年6月17日	
/en/travel-guide/hotels/cvs-bay-hotel/		2026-06-27		2026年6月27日	2026年6月27日	
/en/travel-guide/hotels/dreamgate-maihama/		2026-06-17		2026年6月17日	2026年6月17日	
/en/travel-guide/hotels/emion-tokyo-bay/		2026-06-17		2026年6月17日	2026年6月17日	
/en/travel-guide/hotels/eurasia-annex/		2026-06-17		2026年6月17日	2026年6月17日	
/en/travel-guide/hotels/facilities/		2026-08-16		2026年8月16日	2026年8月16日	
/en/travel-guide/hotels/fantasy-springs-hotel/		2026-06-17		2026年6月17日	2026年6月17日	
/en/travel-guide/hotels/flexstay-shin-urayasu/		2026-06-17		2026年6月17日	2026年6月17日	
/en/travel-guide/hotels/four-stories-hotel/		2026-06-17		2026年6月17日	2026年6月17日	
/en/travel-guide/hotels/grand-monday-resort-maihama/		2026-07-06		2026年7月6日	2026年7月6日	
/en/travel-guide/hotels/grand-nikko-tokyo-bay/		2026-06-17		2026年6月17日	2026年6月17日	
/en/travel-guide/hotels/happy-entry/		2026-07-06		2026年7月6日	2026年7月6日	
/en/travel-guide/hotels/henna-hotel-maihama/		2026-06-17		2026年6月17日	2026年6月17日	
/en/travel-guide/hotels/hilton-tokyo-bay/		2026-06-16		2026年6月16日	2026年6月16日	
/en/travel-guide/hotels/hiyori-hotel-maihama/		2026-06-17		2026年6月17日	2026年6月17日	
/en/travel-guide/hotels/hoshinoresorts-1955-tokyo-bay/		2026-06-17		2026年6月17日	2026年6月17日	
/en/travel-guide/hotels/hotel-daigo-urayasu/		2026-06-17		2026年6月17日	2026年6月17日	
/en/travel-guide/hotels/hotel-ilfiore-kasai-annex/		2026-06-27		2026年6月27日	2026年6月27日	
/en/travel-guide/hotels/hotel-ilfiore-kasai/		2026-06-27		2026年6月27日	2026年6月27日	
/en/travel-guide/hotels/hotel-lumiere-kasai/		2026-06-27		2026年6月27日	2026年6月27日	
/en/travel-guide/hotels/hotel-okura-tokyo-bay/		2026-06-17		2026年6月17日	2026年6月17日	
/en/travel-guide/hotels/hotel-seaside-edogawa/		2026-06-27		2026年6月27日	2026年6月27日	
/en/travel-guide/hotels/hyatt-regency-tokyo-bay/		2026-06-17		2026年6月17日	2026年6月17日	
/en/travel-guide/hotels/ibis-styles-tokyo-bay/		2026-06-17		2026年6月17日	2026年6月17日	
/en/travel-guide/hotels/kids/		2026-06-16		2026年6月16日	2026年6月16日	
/en/travel-guide/hotels/lagent-tokyo-bay/		2026-06-17		2026年6月17日	2026年6月17日	
/en/travel-guide/hotels/livemax-kasai-ekimae/		2026-06-27		2026年6月27日	2026年6月27日	
/en/travel-guide/hotels/maihama-eurasia/		2026-06-17		2026年6月17日	2026年6月17日	
/en/travel-guide/hotels/maihama-hotel-first-resort/		2026-06-17		2026年6月17日	2026年6月17日	
/en/travel-guide/hotels/maihama-view-hotel/		2026-06-17		2026年6月17日	2026年6月17日	
/en/travel-guide/hotels/miracosta/		2026-06-17		2026年6月17日	2026年6月17日	
/en/travel-guide/hotels/mitsui-garden-prana/		2026-06-17		2026年6月17日	2026年6月17日	
/en/travel-guide/hotels/mystays-maihama/		2026-06-17		2026年6月17日	2026年6月17日	
/en/travel-guide/hotels/mystays-shin-urayasu/		2026-06-17		2026年6月17日	2026年6月17日	
/en/travel-guide/hotels/oriental-tokyo-bay/		2026-06-17		2026年6月17日	2026年6月17日	
/en/travel-guide/hotels/premium-monday-maihama-view-1/		2026-06-27		2026年6月27日	2026年6月27日	
/en/travel-guide/hotels/royal-park-maihama/		2026-06-17		2026年6月17日	2026年6月17日	
/en/travel-guide/hotels/sheraton-grande-tokyo-bay/		2026-06-17		2026年6月17日	2026年6月17日	
/en/travel-guide/hotels/shuttle/		2026-07-06		2026年7月6日	2026年7月6日	
/en/travel-guide/hotels/superhotel-myoden/		2026-06-27		2026年6月27日	2026年6月27日	
/en/travel-guide/hotels/tdl-hotel/		2026-06-17		2026年6月17日	2026年6月17日	
/en/travel-guide/hotels/toy-story-hotel/		2026-06-17		2026年6月17日	2026年6月17日	
/en/travel-guide/hotels/types/		2026-06-30		2026年6月30日	2026年6月30日	
/en/travel-guide/hotels/urayasu-sun-hotel/		2026-06-17		2026年6月17日	2026年6月17日	
/en/travel-guide/hotels/viewfort-urayasu/		2026-06-17		2026年6月17日	2026年6月17日	
/en/travel-guide/hotels/where-to-stay/		2026-08-16		2026年8月16日	2026年8月16日	
/en/travel-guide/ic-card-payment/		2026-08-17		2026年8月17日	2026年8月17日	
/en/travel-guide/kasai-rinkai-park/		2026-07-07		2026年7月7日	2026年7月7日	
/en/travel-guide/kids-emergency/		2026-07-06		2026年7月6日	2026年7月6日	
/en/travel-guide/luggage-airport/		2026-08-16		2026年8月16日	2026年8月16日	
/en/travel-guide/luggage-howto/		2026-07-22		2026年7月22日	2026年7月22日	
/en/travel-guide/luggage/		2026-07-21		2026年7月21日	2026年7月21日	
/en/travel-guide/maihama-eurasia-spa/		2026-07-07		2026年7月7日	2026年7月7日	
/en/travel-guide/maihama-halloween/		2026-08-30		2026年8月30日	2026年8月30日	
/en/travel-guide/pre-trip-checklist/		2026-07-07		2026年7月7日	2026年7月7日	
/en/travel-guide/rainy-day/		2026-08-17		2026年8月17日	2026年8月17日	
/en/travel-guide/teamlab-planets/		2026-07-07		2026年7月7日	2026年7月7日	
/en/travel-guide/tokyo-sightseeing-access/		2026-07-07		2026年7月7日	2026年7月7日	
/en/travel-guide/urayasu-gourmet-souvenir-guide/		2026-06-18		2026年6月18日	2026年6月18日	
/en/travel-guide/urayasu-maihama-access-guide/		2026-06-18		2026年6月18日	2026年6月18日	
/en/travel-guide/urayasu-maihama-shinurayasu-tourism/		2026-06-18		2026年6月18日	2026年6月18日	
/en/travel-guide/urayasu-map/		2026-07-09		2026年7月9日	2026年7月9日	
/en/travel-guide/urayasu-taxi-airport-flat-rate-guide/		2026-06-19		2026年6月19日	2026年6月19日	
/en/travel-guide/urayasu-traffic-park/	travel-guide	2026-07-07		2026年7月7日	2026年7月7日	
/ko/travel-guide/disney-tickets/		2026-07-06		2026年7月6日	2026年7月6日	
/ko/travel-guide/family-packing/		2026-08-17		2026年8月17日	2026年8月17日	
/ko/travel-guide/hotels/access/		2026-06-30		2026年6月30日	2026年6月30日	
/ko/travel-guide/hotels/ambassador-hotel/		2026-06-17		2026年6月17日	2026年6月17日	
/ko/travel-guide/hotels/bayhotel-urayasu/		2026-06-17		2026年6月17日	2026年6月17日	
/ko/travel-guide/hotels/brighton-tokyo-bay/		2026-06-17		2026年6月17日	2026年6月17日	
/ko/travel-guide/hotels/budget/		2026-06-30		2026年6月30日	2026年6月30日	
/ko/travel-guide/hotels/celebration-discover/		2026-06-17		2026年6月17日	2026年6月17日	
/ko/travel-guide/hotels/celebration-wish/		2026-06-17		2026年6月17日	2026年6月17日	
/ko/travel-guide/hotels/comfort-suites-tokyo-bay/		2026-06-17		2026年6月17日	2026年6月17日	
/ko/travel-guide/hotels/cvs-bay-hotel/		2026-06-27		2026年6月27日	2026年6月27日	
/ko/travel-guide/hotels/dreamgate-maihama/		2026-06-17		2026年6月17日	2026年6月17日	
/ko/travel-guide/hotels/emion-tokyo-bay/		2026-06-17		2026年6月17日	2026年6月17日	
/ko/travel-guide/hotels/eurasia-annex/		2026-06-17		2026年6月17日	2026年6月17日	
/ko/travel-guide/hotels/fantasy-springs-hotel/		2026-06-17		2026年6月17日	2026年6月17日	
/ko/travel-guide/hotels/flexstay-shin-urayasu/		2026-06-17		2026年6月17日	2026年6月17日	
/ko/travel-guide/hotels/four-stories-hotel/		2026-06-17		2026年6月17日	2026年6月17日	
/ko/travel-guide/hotels/grand-monday-resort-maihama/		2026-07-06		2026年7月6日	2026年7月6日	
/ko/travel-guide/hotels/grand-nikko-tokyo-bay/		2026-06-17		2026年6月17日	2026年6月17日	
/ko/travel-guide/hotels/happy-entry/		2026-07-06		2026年7月6日	2026年7月6日	
/ko/travel-guide/hotels/henna-hotel-maihama/		2026-06-17		2026年6月17日	2026年6月17日	
/ko/travel-guide/hotels/hilton-tokyo-bay/		2026-06-17		2026年6月17日	2026年6月17日	
/ko/travel-guide/hotels/hiyori-hotel-maihama/		2026-06-17		2026年6月17日	2026年6月17日	
/ko/travel-guide/hotels/hoshinoresorts-1955-tokyo-bay/		2026-06-17		2026年6月17日	2026年6月17日	
/ko/travel-guide/hotels/hotel-daigo-urayasu/		2026-06-17		2026年6月17日	2026年6月17日	
/ko/travel-guide/hotels/hotel-ilfiore-kasai-annex/		2026-06-27		2026年6月27日	2026年6月27日	
/ko/travel-guide/hotels/hotel-ilfiore-kasai/		2026-06-27		2026年6月27日	2026年6月27日	
/ko/travel-guide/hotels/hotel-lumiere-kasai/		2026-06-27		2026年6月27日	2026年6月27日	
/ko/travel-guide/hotels/hotel-okura-tokyo-bay/		2026-06-17		2026年6月17日	2026年6月17日	
/ko/travel-guide/hotels/hotel-seaside-edogawa/		2026-06-27		2026年6月27日	2026年6月27日	
/ko/travel-guide/hotels/hyatt-regency-tokyo-bay/		2026-06-17		2026年6月17日	2026年6月17日	
/ko/travel-guide/hotels/ibis-styles-tokyo-bay/		2026-06-17		2026年6月17日	2026年6月17日	
/ko/travel-guide/hotels/kids/		2026-06-30		2026年6月30日	2026年6月30日	
/ko/travel-guide/hotels/lagent-tokyo-bay/		2026-06-17		2026年6月17日	2026年6月17日	
/ko/travel-guide/hotels/livemax-kasai-ekimae/		2026-06-27		2026年6月27日	2026年6月27日	
/ko/travel-guide/hotels/maihama-eurasia/		2026-06-17		2026年6月17日	2026年6月17日	
/ko/travel-guide/hotels/maihama-hotel-first-resort/		2026-06-17		2026年6月17日	2026年6月17日	
/ko/travel-guide/hotels/maihama-view-hotel/		2026-06-17		2026年6月17日	2026年6月17日	
/ko/travel-guide/hotels/miracosta/		2026-06-17		2026年6月17日	2026年6月17日	
/ko/travel-guide/hotels/mitsui-garden-prana/		2026-06-17		2026年6月17日	2026年6月17日	
/ko/travel-guide/hotels/mystays-maihama/		2026-06-17		2026年6月17日	2026年6月17日	
/ko/travel-guide/hotels/mystays-shin-urayasu/		2026-06-17		2026年6月17日	2026年6月17日	
/ko/travel-guide/hotels/oriental-tokyo-bay/		2026-06-17		2026年6月17日	2026年6月17日	
/ko/travel-guide/hotels/premium-monday-maihama-view-1/		2026-06-27		2026年6月27日	2026年6月27日	
/ko/travel-guide/hotels/royal-park-maihama/		2026-06-17		2026年6月17日	2026年6月17日	
/ko/travel-guide/hotels/sheraton-grande-tokyo-bay/		2026-06-17		2026年6月17日	2026年6月17日	
/ko/travel-guide/hotels/shuttle/		2026-07-06		2026年7月6日	2026年7月6日	
/ko/travel-guide/hotels/superhotel-myoden/		2026-06-27		2026年6月27日	2026年6月27日	
/ko/travel-guide/hotels/tdl-hotel/		2026-06-17		2026年6月17日	2026年6月17日	
/ko/travel-guide/hotels/toy-story-hotel/		2026-06-17		2026年6月17日	2026年6月17日	
/ko/travel-guide/hotels/types/		2026-06-30		2026年6月30日	2026年6月30日	
/ko/travel-guide/hotels/urayasu-sun-hotel/		2026-06-17		2026年6月17日	2026年6月17日	
/ko/travel-guide/hotels/viewfort-urayasu/		2026-06-17		2026年6月17日	2026年6月17日	
/ko/travel-guide/hotels/where-to-stay/		2026-08-16		2026年8月16日	2026年8月16日	
/ko/travel-guide/ic-card-payment/		2026-08-17		2026年8月17日	2026年8月17日	
/ko/travel-guide/kasai-rinkai-park/		2026-07-07		2026年7月7日	2026年7月7日	
/ko/travel-guide/kids-emergency/		2026-07-06		2026年7月6日	2026年7月6日	
/ko/travel-guide/luggage-airport/		2026-08-16		2026年8月16日	2026年8月16日	
/ko/travel-guide/luggage-howto/		2026-07-22		2026年7月22日	2026年7月22日	
/ko/travel-guide/luggage/		2026-07-21		2026年7月21日	2026年7月21日	
/ko/travel-guide/maihama-eurasia-spa/		2026-07-07		2026年7月7日	2026年7月7日	
/ko/travel-guide/pre-trip-checklist/		2026-07-07		2026年7月7日	2026年7月7日	
/ko/travel-guide/rainy-day/		2026-08-17		2026年8月17日	2026年8月17日	
/ko/travel-guide/teamlab-planets/		2026-07-07		2026年7月7日	2026年7月7日	
/ko/travel-guide/tokyo-sightseeing-access/		2026-07-07		2026年7月7日	2026年7月7日	
/ko/travel-guide/urayasu-gourmet-souvenir-guide/		2026-06-30		2026年6月30日	2026年6月30日	
/ko/travel-guide/urayasu-maihama-access-guide/		2026-06-30		2026年6月30日	2026年6月30日	
/ko/travel-guide/urayasu-maihama-shinurayasu-tourism/		2026-06-30		2026年6月30日	2026年6月30日	
/ko/travel-guide/urayasu-map/		2026-07-09		2026年7月9日	2026年7月9日	
/ko/travel-guide/urayasu-taxi-airport-flat-rate-guide/		2026-06-30		2026年6月30日	2026年6月30日	
/ko/travel-guide/urayasu-traffic-park/		2026-07-07		2026年7月7日	2026年7月7日	
/life-guide/bus-noriba/	お知らせ	2026-09-30		2026年9月30日	2026年9月30日	
/life-guide/city-hall-procedures/	お知らせ	2026-06-13		2026年6月13日	2026年6月13日	
/life-guide/disaster-prevention/	お知らせ	2026-06-13		2026年6月13日	2026年6月13日	
/life-guide/holiday-night-medical/	お知らせ	2026-06-13		2026年6月13日	2026年6月13日	
/life-guide/indoor-playgrounds/	子育て・教育	2026-06-07		2026年6月7日	2026年6月7日	
/life-guide/kaigo-first-steps/	お知らせ	2026-08-17		2026年8月17日	2026年8月17日	
/life-guide/keiyo-line-unko-joho/	お知らせ	2026-09-04		2026年9月4日	2026年9月4日	
/life-guide/libraries-public-facilities/	お知らせ	2026-06-13		2026年6月13日	2026年6月13日	
/life-guide/maihama-station-bus-noriba/	お知らせ	2026-09-30		2026年9月30日	2026年9月30日	
/life-guide/parks-playgrounds/	子育て・教育	2026-06-13		2026年6月13日	2026年6月13日	
/life-guide/shinurayasu-station-bus-noriba/	お知らせ	2026-09-30		2026年9月30日	2026年9月30日	
/life-guide/single-couple-life/	お知らせ	2026-08-17		2026年8月17日	2026年8月17日	
/life-guide/sports-teams/	スポーツ	2026-06-13		2026年6月13日	2026年6月13日	
/life-guide/station-life/	お知らせ	2026-06-13		2026年6月13日	2026年6月13日	
/life-guide/trash-recycling/	お知らせ	2026-06-13		2026年6月13日	2026年6月13日	
/life-guide/urayasu-bus-kotsu/	お知らせ	2026-06-28		2026年6月28日	2026年6月28日	
/life-guide/urayasu-hitorioya-shogai/	生活ガイド	2026-06-27		2026年6月27日	2026年6月27日	
/life-guide/urayasu-hoiku-youchien/	生活ガイド	2026-06-27		2026年6月27日	2026年6月27日	
/life-guide/urayasu-hoken-nenkin-zei/	お知らせ	2026-06-28		2026年6月28日	2026年6月28日	
/life-guide/urayasu-jido-teate/	生活ガイド	2026-06-27		2026年6月27日	2026年6月27日	
/life-guide/urayasu-kodomo-iryohi/	生活ガイド	2026-06-27		2026年6月27日	2026年6月27日	
/life-guide/urayasu-koreisha-kaigo/	お知らせ	2026-06-28		2026年6月28日	2026年6月28日	
/life-guide/urayasu-kosodate-shien-matome/	子育て・教育	2026-06-07		2026年6月7日	2026年6月7日	
/life-guide/urayasu-ninshin-shussan-shien/	生活ガイド	2026-06-27		2026年6月27日	2026年6月27日	
/life-guide/urayasu-nyuyoji-shien/	生活ガイド	2026-06-27		2026年6月27日	2026年6月27日	
/life-guide/urayasu-pet/	お知らせ	2026-06-28		2026年6月28日	2026年6月28日	
/life-guide/urayasu-shougakusei-chuugakusei/	生活ガイド	2026-06-27		2026年6月27日	2026年6月27日	
/life-guide/urayasu-station-bus-noriba/	お知らせ	2026-09-14		2026年9月14日	2026年9月14日	
/life-guide/urayasu-sumai-hikkoshi/	お知らせ	2026-07-12		2026年7月12日	2026年7月12日	
/posts/1955-halloween-night-2026/	イベント	2026-08-11	2026-09-16/2026-10-31	2026-09-16/2026-10-31	公開 2026年8月11日	開催 9月16日(水)〜10月31日(土)
/posts/2025年5月31日-浦安市の主なニューストピックスまと/	ニュース	2025-06-01		2025年6月1日	2025年6月1日	
/posts/20260601-abe-shinnosuke-pr-taishi/	ニュース	2026-06-01		2026年6月1日	2026年6月1日	
/posts/20260602-tagonotsuki-atre-shinurayasu/	イベント	2026-06-02	2026-06-01/2026-06-14	2026-06-01/2026-06-14	公開 2026年6月2日	開催 6月1日(月)〜6月14日(日)
/posts/20260602-urayasu-kaikei-dx/	お知らせ	2026-06-02		2026年6月2日	2026年6月2日	
/posts/20260602-urayasu-traffic-accident/	ニュース	2026-06-02		2026年6月2日	2026年6月2日	
/posts/20260602-yakatabune-jazz-nightcruise/	イベント	2026-06-02	2026-06-13	2026-06-13	公開 2026年6月2日	開催 6月13日(土)
/posts/20260603-bambi-drops-kaigaku/	開店・閉店	2026-06-03	2026-06-02	2026-06-02	2026年6月3日	
/posts/296-fukurosoba-gyotoku-open/	開店・閉店	2026-09-14	2026-09-10	2026-09-10	2026年9月14日	
/posts/5-5火祝あつまれうんどう公園-gwスペシャルday/	イベント	2026-04-29	2026-05-05	2026-05-05	公開 2026年4月29日	開催 5月5日(火)
/posts/826aska-urayasu-concert-20260808/	イベント	2026-08-02	2026-08-08	2026-08-08	公開 2026年8月2日	開催 8月8日(土)
/posts/aeon-shinurayasu-emergency-fair-2026/	イベント	2026-09-05	2026-09-06	2026-09-06	公開 2026年9月5日	開催 9月6日(日)
/posts/aeon-shinurayasu-music-culture-festival-2026/	イベント	2026-06-18	2026-06-21	2026-06-21	公開 2026年6月18日	開催 6月21日(日)
/posts/aeon-shinurayasu-shinura-yajo-2026/	イベント	2026-07-12		2026年7月12日	2026年7月12日	
/posts/aeon-shinurayasu-snow-park-2026/	イベント	2026-08-08	2026-08-15/2026-08-16	2026-08-15/2026-08-16	公開 2026年8月8日	開催 8月15日(土)〜8月16日(日)
/posts/akemi-no-oka-matsuri-2026/	イベント	2026-09-21	2026-10-10	2026-10-10	公開 2026年9月21日	開催 10月10日(土)
/posts/all-japan-id-volleyball-urayasu-2026/	スポーツ	2026-08-08	2026-08-09/2026-08-10	2026-08-09/2026-08-10	2026年8月8日	
/posts/aloha-urayasu-2026-performer-recruit/	イベント	2026-07-06		2026年7月6日	2026年7月6日	
/posts/aloha-urayasu-2026/	イベント	2026-09-26	2026-09-26/2026-09-27	2026-09-26/2026-09-27	公開 2026年9月26日	開催 9月26日(土)〜9月27日(日)
/posts/ambassador-hotel-tropical-summer-festival-2026/	イベント	2026-07-26	2026-07-01/2026-09-14	2026-07-01/2026-09-14	公開 2026年7月26日	開催 7月1日(水)〜9月14日(月)
/posts/aoshima-hiroshi-classic-concert-2026/	イベント	2026-04-12	2026-06-27	2026-06-27	公開 2026年4月12日	開催 6月27日(土)
/posts/artgrace-alice-gothic-afternoon-tea-2026/	グルメ・カフェ	2026-07-30		2026年7月30日	2026年7月30日	
/posts/artgrace-ristorante-mare-blu-2026/	グルメ・カフェ	2026-08-08		2026年8月8日	2026年8月8日	
/posts/artgrace-summer-family-buffet-2026/	イベント	2026-07-30		2026年7月30日	2026年7月30日	
/posts/artgrace-urayasu-fireworks-buffet-2026/	イベント	2026-09-16	2026-10-17	2026-10-17	公開 2026年9月16日	開催 10月17日(土)
/posts/assari-kun-chara-derby-2026/	ニュース	2026-09-10		2026年9月10日	2026年9月10日	
/posts/atre-heartdance-open-heart/	ニュース	2026-06-10		2026年6月10日	2026年6月10日	
/posts/atre-shin-urayasu-food-renewal-202607/	開店・閉店	2026-06-09		2026年6月9日	2026年6月9日	
/posts/atre-shin-urayasu-handmade-gardens-2026/	開店・閉店	2026-08-27	2026-09-02/2026-09-13	2026-09-02/2026-09-13	2026年8月27日	
/posts/atre-shin-urayasu-sweets-tasting-2026/	イベント	2026-06-04		2026年6月4日	2026年6月4日	
/posts/atre-shinurayasu-autumn-sweets-popup-2026/	イベント	2026-09-02		2026年9月2日	2026年9月2日	
/posts/atre-shinurayasu-boulmich-temporary-closure/	開店・閉店	2026-08-04	2026-09-01	2026-09-01	2026年8月4日	
/posts/atre-shinurayasu-closed-20260817/	お知らせ	2026-07-28	2026-08-17	2026-08-17	2026年7月28日	
/posts/atre-shinurayasu-food-renewal-20260709/	開店・閉店	2026-06-27	2026-07-09	2026-07-09	2026年6月27日	
/posts/atre-shinurayasu-kasei-close-20260820/	開店・閉店	2026-08-13	2026-08-20	2026-08-20	2026年8月13日	
/posts/atre-shinurayasu-korot-limited/	イベント	2026-06-08		2026年6月8日	2026年6月8日	
/posts/atre-shinurayasu-kurikorean-renewal/	開店・閉店	2026-06-17	2026-06-16	2026-06-16	2026年6月17日	
/posts/atre-shinurayasu-oimo-motch-open-202609/	開店・閉店	2026-07-15	2026-09-17	2026-09-17	2026年7月15日	
/posts/atre-shinurayasu-sweets-renewal-202609/	開店・閉店	2026-08-18		2026年8月18日	2026年8月18日	
/posts/atre-shinurayasu-true-tree-popup-2026/	イベント	2026-06-15	2026-06-22	2026-06-22	公開 2026年6月15日	開催 6月22日(月)
/posts/atre-shinurayasu-wagashi-renewal/	開店・閉店	2026-06-08		2026年6月8日	2026年6月8日	
/posts/atre-shinurayasu-yanaka-fukumaru-202610/	開店・閉店	2026-09-29	2026-10-01/2026-10-07	2026-10-01/2026-10-07	2026年9月29日	
/posts/bambi-drops-kairaku-open/	開店・閉店	2026-06-23	2026-06-02	2026-06-02	2026年6月23日	
/posts/bardral-2026-27-sec1-win/	スポーツ	2026-05-31	2026-05-30	2026-05-30	2026年5月31日	
/posts/bardral-fleague-2026-27-opener/	スポーツ	2026-05-24	2026-05-30	2026-05-30	2026年5月24日	
/posts/bardral-las-bonitas-fukui-maruoka-20260725/	スポーツ	2026-07-26	2026-07-25	2026-07-25	2026年7月26日	
/posts/bardral-las-bonitas-minerva-ube-20260627/	スポーツ	2026-06-29	2026-06-27	2026-06-27	2026年6月29日	
/posts/bardral-las-bonitas-sumida-20260801/	スポーツ	2026-08-01		2026年8月1日	2026年8月1日	
/posts/bardral-las-chulas-higashikurume-20260718/	スポーツ	2026-07-20		2026年7月20日	2026年7月20日	
/posts/bardral-las-chulas-win-20260815/	スポーツ	2026-08-16	2026-08-15	2026-08-15	2026年8月16日	
/posts/bardral-lasbonitas-ryukei-20260621-result/	スポーツ	2026-06-22	2026-06-21	2026-06-21	2026年6月22日	
/posts/bardral-lasbonitas-saitama-20260613/	スポーツ	2026-06-14	2026-06-13	2026-06-13	2026年6月14日	
/posts/bardral-primero-hokkaido-20260613/	スポーツ	2026-06-14	2026-06-13	2026-06-13	2026年6月14日	
/posts/bardral-segundo-cafuringa-20260905/	スポーツ	2026-09-07	2026-09-05	2026-09-05	2026年9月7日	
/posts/bardral-segundo-gunma-20260809/	スポーツ	2026-08-11	2026-08-09	2026-08-09	2026年8月11日	
/posts/bardral-segundo-higashikurume-20260719/	スポーツ	2026-07-21	2026-07-19	2026-07-19	2026年7月21日	
/posts/bardral-tercero-group-stage-first-2026/	スポーツ	2026-07-25	2026-07-24	2026-07-24	2026年7月25日	
/posts/bardral-tercero-national-u18-first-match-2026/	スポーツ	2026-07-24	2026-07-23	2026-07-23	2026年7月24日	
/posts/bardral-tercero-u18-runner-up-2026/	スポーツ	2026-07-26		2026年7月26日	2026年7月26日	
/posts/bardral-urayasu-defio-20260620-result/	スポーツ	2026-06-21	2026-06-20	2026-06-20	2026年6月21日	
/posts/bardral-urayasu-fleague-cup-tachikawa-20260828/	スポーツ	2026-08-29	2026-08-28	2026-08-28	2026年8月29日	
/posts/bardral-urayasu-fleague-five-matches-2026/	スポーツ	2026-06-13		2026年6月13日	2026年6月13日	
/posts/bardral-urayasu-fuga-sumida-20260627/	スポーツ	2026-06-29	2026-06-27	2026-06-27	2026年6月29日	
/posts/bardral-urayasu-hokkaido-laumelia-2026/	スポーツ	2026-06-12	2026-06-13	2026-06-13	2026年6月12日	
/posts/bardral-urayasu-keiyo-team6-10th-anniversary-20260913/	スポーツ	2026-09-08	2026-09-13	2026-09-13	2026年9月8日	
/posts/bardral-urayasu-kitakyushu-20260606/	スポーツ	2026-06-08	2026-06-06|2026-06-13	[2026-06-06 2026-06-13]	2026年6月8日	
/posts/bardral-urayasu-machida-draw-20260726/	スポーツ	2026-07-26		2026年7月26日	2026年7月26日	
/posts/bardral-urayasu-nagoya-free-invitation-20260905/	スポーツ	2026-08-18	2026-09-05	2026-09-05	2026年8月18日	
/posts/bardral-urayasu-nagoya-win-20260905/	スポーツ	2026-09-06	2026-09-05	2026-09-05	2026年9月6日	
/posts/bardral-urayasu-oita-20260621-result/	スポーツ	2026-06-22	2026-06-21	2026-06-21	2026年6月22日	
/posts/bardral-urayasu-osaka-20260704/	スポーツ	2026-07-05	2026-07-04	2026-07-04	2026年7月5日	
/posts/bardral-urayasu-osaka-20260913/	スポーツ	2026-09-14	2026-09-13	2026-09-13	2026年9月14日	
/posts/bardral-urayasu-segundo-machida-20260829-result/	スポーツ	2026-08-31	2026-08-29	2026-08-29	2026年8月31日	
/posts/bardral-urayasu-segundo-opa-20260923/	スポーツ	2026-09-24	2026-09-23	2026-09-23	2026年9月24日	
/posts/bardral-urayasu-segundo-tochigi-20260711-result/	スポーツ	2026-07-13	2026-07-11	2026-07-11	2026年7月13日	
/posts/bardral-urayasu-shinagawa-20260803/	スポーツ	2026-08-03	2026-08-03	2026-08-03	2026年8月3日	
/posts/bardral-urayasu-shonan-20260710-result/	スポーツ	2026-07-12	2026-07-10	2026-07-10	2026年7月12日	
/posts/bardral-urayasu-shonan-away-bus-tour-2026/	スポーツ	2026-08-22	2026-09-26	2026-09-26	2026年8月22日	
/posts/bardral-urayasu-shonan-win-20260926/	スポーツ	2026-09-27	2026-09-26	2026-09-26	2026年9月27日	
/posts/bardral-urayasu-tachikawa-draw-20260718/	スポーツ	2026-07-20		2026年7月20日	2026年7月20日	
/posts/bardral-urayasu-tachikawa-result-20261002/	スポーツ	2026-10-03		2026年10月3日	2026年10月3日	
/posts/barrier-free-movie-screening-2026/	イベント	2026-08-10	2026-09-26	2026-09-26	公開 2026年8月10日	開催 9月26日(土)
/posts/barrier-free-theater-touch-2026/	イベント	2026-04-11	2026-06-06	2026-06-06	公開 2026年4月11日	開催 6月6日(土)
/posts/baycity-urayasu-autumn-festival-2026/	イベント	2026-09-24	2026-09-26	2026-09-26	公開 2026年9月24日	開催 9月26日(土)
/posts/beams-japan-popup-tour-maihama-2026/	イベント	2026-08-08	2026-08-13/2026-08-26	2026-08-13/2026-08-26	公開 2026年8月8日	開催 8月13日(木)〜8月26日(水)
/posts/benten-fureai-mini-festa-202607/	イベント	2026-07-18		2026年7月18日	2026年7月18日	
/posts/benten-fureai-mini-festa-rice-planting/	イベント	2026-06-08		2026年6月8日	2026年6月8日	
/posts/big-smile-cafe-urayasu-closed-20260430/	開店・閉店	2026-05-01	2026-04-30	2026-04-30	2026年5月1日	
/posts/boku-ga-ikiteru-futatsu-no-sekai-urayasu/	イベント	2026-09-26	2026-09-26	2026-09-26	公開 2026年9月26日	開催 9月26日(土)
/posts/brighton-cache-cache-harvest-buffet-2026/	グルメ・カフェ	2026-08-20	2026-09-01/2026-11-30	2026-09-01/2026-11-30	2026年8月20日	
/posts/brighton-cache-cache-mediterranean-buffet-2026/	グルメ・カフェ	2026-06-15		2026年6月15日	2026年6月15日	
/posts/brighton-cache-cache-obon-buffet-2026/	グルメ・カフェ	2026-08-03	2026-08-08/2026-08-16	2026-08-08/2026-08-16	2026年8月3日	
/posts/brighton-himorogi-autumn-special-202609/	グルメ・カフェ	2026-08-31	2026-09-01/2026-09-18	2026-09-01/2026-09-18	2026年8月31日	
/posts/brighton-hotel-cache-cache-mediterranean-buffet/	グルメ・カフェ	2026-06-20		2026年6月20日	2026年6月20日	
/posts/brighton-hotel-obon-dinner-buffet-2026/	グルメ・カフェ	2026-07-27	2026-08-08/2026-08-16	2026-08-08/2026-08-16	2026年7月27日	
/posts/brighton-hotel-treasure-hunt-2026/	イベント	2026-08-05	2026-07-31/2026-08-31	2026-07-31/2026-08-31	公開 2026年8月5日	開催 7月31日(金)〜8月31日(月)
/posts/brighton-muskmelon-swan-parfait-2026/	グルメ・カフェ	2026-07-21		2026年7月21日	2026年7月21日	
/posts/briobecca-emperors-cup-schedule-2026/	スポーツ	2026-06-11	2026-08-19	2026-08-19	2026年6月11日	
/posts/briobecca-emperors-cup-tochigi-2026/	スポーツ	2026-08-05	2026-08-19	2026-08-19	2026年8月5日	
/posts/briobecca-jfl-minebea-20260829/	スポーツ	2026-08-30	2026-08-29	2026-08-29	2026年8月30日	
/posts/briobecca-jfl-opening-match-2026/	スポーツ	2026-06-19	2026-08-29	2026-08-29	2026年6月19日	
/posts/briobecca-jflcup-final-2026/	スポーツ	2026-05-24	2026-05-17	2026-05-17	2026年5月24日	
/posts/briobecca-jlease-20260926/	スポーツ	2026-09-26	2026-09-26	2026-09-26	2026年9月26日	
/posts/briobecca-june-training/	スポーツ	2026-06-10		2026年6月10日	2026年6月10日	
/posts/briobecca-numazu-20260906/	スポーツ	2026-09-07	2026-09-06	2026-09-06	2026年9月7日	
/posts/briobecca-public-viewing-aeon-shinurayasu-2026/	スポーツ	2026-09-30		2026年9月30日	2026年9月30日	
/posts/briobecca-tochigi-emperors-cup-result-2026/	スポーツ	2026-08-20	2026-08-19	2026-08-19	2026年8月20日	
/posts/briobecca-urayasu-ichikawa-emperors-cup-2026/	スポーツ	2026-06-03	2026-05-09	2026-05-09	2026年6月3日	
/posts/briobecca-verspah-oita-20260913/	スポーツ	2026-09-14	2026-09-13	2026-09-13	2026年9月14日	
/posts/briobecca-yscc-20260920/	スポーツ	2026-09-21	2026-09-20	2026-09-20	2026年9月21日	
/posts/cafe-kaila-new-pancakes-2026/	グルメ・カフェ	2026-07-27		2026年7月27日	2026年7月27日	
/posts/caps-clinic-ichikawa-myoden-open/	開店・閉店	2026-08-01		2026年8月1日	2026年8月1日	
/posts/chiba-cashless-campaign-202608/	お知らせ	2026-07-28	2026-08-07/2026-08-30	2026-08-07/2026-08-30	2026年7月28日	
/posts/chiba-heavy-rain-donation-2026/	お知らせ	2026-08-27		2026年8月27日	2026年8月27日	
/posts/chiba-tv-urayasu-mizube-sanpo/	ニュース	2026-06-09		2026年6月9日	2026年6月9日	
/posts/chiba-water-bill-discount-urayasu/	お知らせ	2026-08-23		2026年8月23日	2026年8月23日	
/posts/chikahaku-40th-memorial-2026/	イベント	2026-07-12		2026年7月12日	2026年7月12日	
/posts/childcare-support-center-temporary-closure-2026/	お知らせ	2026-08-03	2026-09-14/2026-09-30	2026-09-14/2026-09-30	2026年8月3日	
/posts/cinema-ikspiari-disney-revival-2026/	イベント	2026-08-17		2026年8月17日	2026年8月17日	
/posts/cinema-ikspiari-madoka-live-viewing-20260829/	イベント	2026-08-22	2026-08-29	2026-08-29	公開 2026年8月22日	開催 8月29日(土)
/posts/cinema-ikspiari-suidou-unite2026-live-viewing/	イベント	2026-08-29	2026-09-06	2026-09-06	公開 2026年8月29日	開催 9月6日(日)
/posts/cinema-ikspiari-with-kids-toystory5/	イベント	2026-07-09	2026-09-04	2026-09-04	公開 2026年7月9日	開催 9月4日(金)
/posts/comfort-suites-tokyo-bay-autumn-breakfast-2026/	グルメ・カフェ	2026-08-26	2026-09-01/2026-11-30	2026-09-01/2026-11-30	2026年8月26日	
/posts/cultural-facility-reservation-0845/	お知らせ	2026-09-20		2026年9月20日	2026年9月20日	
/posts/curves-aeon-shinurayasu-open/	開店・閉店	2026-07-04	2026-07-21	2026-07-21	2026年7月4日	
/posts/d-nest-shin-urayasu-open/	開店・閉店	2026-08-27	2026-09-01	2026-09-01	2026年8月27日	
/posts/d-rockers-dialogue-meetup-2026/	スポーツ	2026-09-15	2026-09-25	2026-09-25	2026年9月15日	
/posts/d-rocks-d1-survival-2026/	スポーツ	2026-05-31	2026-05-30	2026-05-30	2026年5月31日	
/posts/d-rocks-d1d2-host-game-0530/	スポーツ	2026-05-19	2026-05-30	2026-05-30	2026年5月19日	
/posts/d-rocks-fes-2026/	スポーツ	2026-05-31	2026-06-06	2026-06-06	2026年5月31日	
/posts/d-rocks-replacement-match-1-win/	スポーツ	2026-05-24	2026-05-23	2026-05-23	2026年5月24日	
/posts/d-rocks-summer-camp-2026/	スポーツ	2026-06-26		2026年6月26日	2026年6月26日	
/posts/daiso-maruesu-gyotoku-close/	開店・閉店	2026-06-24	2026-07-19	2026-07-19	2026年6月24日	
/posts/disney-christmas-2026/	イベント	2026-09-09	2026-11-11/2026-12-25	2026-11-11/2026-12-25	公開 2026年9月9日	開催 11月11日(水)〜12月25日(金)
/posts/disney-halloween-2026/	イベント	2026-07-24	2026-09-16	2026-09-16	公開 2026年7月24日	開催 9月16日(水)
/posts/disney-hotels-halloween-menu-2026/	グルメ・カフェ	2026-08-17	2026-09-15/2026-10-31	2026-09-15/2026-10-31	2026年8月17日	
/posts/disney-premier-access-price-change-202609/	お知らせ	2026-08-22	2026-09-01	2026-09-01	2026年8月22日	
/posts/disney-resort-line-25th-anniversary-events/	イベント	2026-07-17		2026年7月17日	2026年7月17日	
/posts/disney-resort-line-25th-anniversary/	お知らせ	2026-07-10		2026年7月10日	2026年7月10日	
/posts/duffy-friends-autumn-surprise-goods-2026/	ニュース	2026-08-25	2026-08-25	2026-08-25	2026年8月25日	
/posts/duoscene-shin-urayasu-higashino/	ニュース	2026-06-25	2026-06-20	2026-06-20	2026年6月25日	
/posts/eboat-chiba-urayasu-2026/	イベント	2026-08-10	2026-10-18	2026-10-18	公開 2026年8月10日	開催 10月18日(日)
/posts/ems-urayasu-thai-open/	グルメ・カフェ	2026-05-24		2026年5月24日	2026年5月24日	
/posts/eyecarelabo-urayasu-open/	開店・閉店	2026-06-14	2026-06-08	2026-06-08	2026年6月14日	
/posts/eyecity-ichikawa-myoden-open-202609/	開店・閉店	2026-08-13		2026年8月13日	2026年8月13日	
/posts/familymart-shinurayasu-mare-open/	開店・閉店	2026-06-27		2026年6月27日	2026年6月27日	
/posts/fly-for-all-chiba-urayasu-2026/	イベント	2026-09-17		2026年9月17日	2026年9月17日	
/posts/fly-for-all-urayasu-2026/	イベント	2026-08-26		2026年8月26日	2026年8月26日	
/posts/furusato-urayasu-works-2026/	子育て・教育	2026-09-27		2026年9月27日	2026年9月27日	
/posts/gigoイオン新浦安に限定プライズ-全国同日スター/	お知らせ	2025-06-28		2025年6月28日	2025年6月28日	
/posts/gnome-de-taber-nekozane-relocation/	開店・閉店	2026-09-24	2026-10-01	2026-10-01	2026年9月24日	
/posts/gongcha-ikspiari-renewal/	開店・閉店	2026-07-01	2026-06-30	2026-06-30	2026年7月1日	
/posts/grand-monday-autumn-festival-2026/	イベント	2026-09-18	2026-09-17/2026-10-31	2026-09-17/2026-10-31	公開 2026年9月18日	開催 9月17日(木)〜10月31日(土)
/posts/grand-nikko-autumn-sweets-buffet-2026/	グルメ・カフェ	2026-08-19	2026-09-20/2026-09-22	2026-09-20/2026-09-22	2026年8月19日	
/posts/grand-nikko-christmas-cake-2026/	グルメ・カフェ	2026-09-06		2026年9月6日	2026年9月6日	
/posts/grand-nikko-halloween-sweets-buffet-2026/	グルメ・カフェ	2026-09-10	2026-10-10/2026-10-12	2026-10-10/2026-10-12	2026年9月10日	
/posts/grand-nikko-maihama-halloween-event-2026/	イベント	2026-09-11	2026-09-16/2026-10-31	2026-09-16/2026-10-31	公開 2026年9月11日	開催 9月16日(水)〜10月31日(土)
/posts/grand-nikko-maihama-summer-afternoon-tea-2026/	グルメ・カフェ	2026-06-20		2026年6月20日	2026年6月20日	
/posts/grand-nikko-summer-festival-2026/	イベント	2026-07-24	2026-08-10	2026-08-10	公開 2026年7月24日	開催 8月10日(月)
/posts/grand-nikko-world-gourmet-sweets-festa/	グルメ・カフェ	2026-07-10		2026年7月10日	2026年7月10日	
/posts/gyotoku-horumon-shoryuen-open-2026/	開店・閉店	2026-06-13		2026年6月13日	2026年6月13日	
/posts/gyotoku-ishiguro-sanfujinka-close-2026/	開店・閉店	2026-08-11	2026-07-31	2026-07-31	2026年8月11日	
/posts/gyotoku-machibar-october-2026/	イベント	2026-10-03	2026-10-08/2026-10-09	2026-10-08/2026-10-09	公開 2026年10月3日	開催 10月8日(木)〜10月9日(金)
/posts/gyotoku-machinocyuuka-kasumi-open-2026/	開店・閉店	2026-08-12	2026-08-09	2026-08-09	2026年8月12日	
/posts/gyotoku-nature-observation-june-2026/	イベント	2026-06-12	2026-06-14	2026-06-14	公開 2026年6月12日	開催 6月14日(日)
/posts/gyotoku-turkish-restaurant-saray-open/	開店・閉店	2026-06-17		2026年6月17日	2026年6月17日	
/posts/gyotoku-weir-open-20260921/	ニュース	2026-09-21		2026年9月21日	2026年9月21日	
/posts/gyotoku-yakitori-takeout-open/	開店・閉店	2026-06-27		2026年6月27日	2026年6月27日	
/posts/hakurei-match-maihama-events-2026/	イベント	2026-07-30		2026年7月30日	2026年7月30日	
/posts/higashino-baby-salon-haihai-race-2026/	子育て・教育	2026-06-14	2026-06-20	2026-06-20	2026年6月14日	
/posts/hilton-gothic-palace-2026/	グルメ・カフェ	2026-08-11	2026-09-05/2026-11-03	2026-09-05/2026-11-03	2026年8月11日	
/posts/hilton-tokyo-bay-autumn-afternoon-tea-2026/	グルメ・カフェ	2026-08-25	2026-09-01/2026-11-04	2026-09-01/2026-11-04	2026年8月25日	
/posts/hilton-tokyo-bay-garden-pool-restaurant/	グルメ・カフェ	2026-07-08	2026-06-27/2026-09-30	2026-06-27/2026-09-30	2026年7月8日	
/posts/hilton-tokyo-bay-gothic-palace-2026/	グルメ・カフェ	2026-08-25	2026-09-05/2026-11-03	2026-09-05/2026-11-03	2026年8月25日	
/posts/hinode-bosai-sports-facility-sounding/	ニュース	2026-07-11		2026年7月11日	2026年7月11日	
/posts/hokushinzushi-minamigyotoku-open/	開店・閉店	2026-09-24	2026-09-30	2026-09-30	2026年9月24日	
/posts/horn-onecoin-concert-20260808/	イベント	2026-08-02	2026-08-08	2026-08-08	公開 2026年8月2日	開催 8月8日(土)
/posts/hotel-emion-ennichi-2026/	イベント	2026-07-20	2026-08-07	2026-08-07	公開 2026年7月20日	開催 8月7日(金)
/posts/hotel-emion-summer-nazotoki-2026/	イベント	2026-07-06	2026-07-18	2026-07-18	公開 2026年7月6日	開催 7月18日(土)
/posts/hotel-okura-chiba-gourmet-fair-2026/	グルメ・カフェ	2026-08-14	2026-08-30/2026-09-30	2026-08-30/2026-09-30	2026年8月14日	
/posts/hotel-okura-summer-night-dinner-2026/	グルメ・カフェ	2026-07-25		2026年7月25日	2026年7月25日	
/posts/hotel-okura-tokyo-bay-chiba-gourmet-fair-2026/	グルメ・カフェ	2026-08-29	2026-08-30/2026-09-30	2026-08-30/2026-09-30	2026年8月29日	
/posts/hotel-okura-tokyo-bay-christmas-room-2026/	お知らせ	2026-09-17	2026-11-06/2026-12-25	2026-11-06/2026-12-25	2026年9月17日	
/posts/hotel-okura-tokyo-bay-halloween-plan-2026/	お知らせ	2026-08-28	2026-09-16/2026-10-31	2026-09-16/2026-10-31	2026年8月28日	
/posts/hotel-okura-tokyo-bay-obon-lunch-2026/	グルメ・カフェ	2026-08-07	2026-08-08/2026-08-16	2026-08-08/2026-08-16	2026年8月7日	
/posts/hotel-okura-tokyo-bay-summer-kids-2026/	イベント	2026-07-04		2026年7月4日	2026年7月4日	
/posts/hotel-okura-tokyo-bay-tohkalin-fair/	グルメ・カフェ	2026-07-11		2026年7月11日	2026年7月11日	
/posts/hyatt-tokyo-bay-moomin-collaboration-2026/	イベント	2026-07-19		2026年7月19日	2026年7月19日	
/posts/ibis-styles-tokyo-bay-seafood-breakfast-2026/	グルメ・カフェ	2026-08-29	2026-10-01/2026-12-23	2026-10-01/2026-12-23	2026年8月29日	
/posts/ichikawa-myoden-ogawa-clinic-open/	開店・閉店	2026-08-17	2026-08-03	2026-08-03	2026年8月17日	
/posts/ichikawa-road-flooding-20260814/	ニュース	2026-08-14		2026年8月14日	2026年8月14日	
/posts/ikspiari-club-cpla-open-20260717/	開店・閉店	2026-07-14	2026-07-17	2026-07-17	2026年7月14日	
/posts/ikspiari-fint-open-20261022/	開店・閉店	2026-09-29	2026-10-22	2026-10-22	2026年9月29日	
/posts/ikspiari-halloween-piari-gacha-2026/	イベント	2026-10-01	2026-10-23/2026-10-31	2026-10-23/2026-10-31	公開 2026年10月1日	開催 10月23日(金)〜10月31日(土)
/posts/ikspiari-limited-shops-202607/	開店・閉店	2026-07-02	2026-07-01	2026-07-01	2026年7月2日	
/posts/ikspiari-limited-shops-202608/	開店・閉店	2026-07-26	2026-08-01	2026-08-01	2026年7月26日	
/posts/ikspiari-limited-shops-20260817/	開店・閉店	2026-08-14	2026-08-17/2026-08-31	2026-08-17/2026-08-31	2026年8月14日	
/posts/ikspiari-limited-shops-june-2026/	グルメ・カフェ	2026-06-12		2026年6月12日	2026年6月12日	
/posts/ikspiari-limited-shops-september-2026/	開店・閉店	2026-08-27		2026年8月27日	2026年8月27日	
/posts/ikspiari-miyakojima-sea-workshop-2026/	イベント	2026-07-28	2026-08-01/2026-08-14	2026-08-01/2026-08-14	公開 2026年7月28日	開催 8月1日(土)〜8月14日(金)
/posts/ikspiari-nanas-green-tea-reopen-2026/	開店・閉店	2026-09-04	2026-09-18	2026-09-18	2026年9月4日	
/posts/ikspiari-poeme-popup-2026/	開店・閉店	2026-09-22	2026-09-28/2026-10-15	2026-09-28/2026-10-15	2026年9月22日	
/posts/ikspiari-saisai-maratan-open-20261019/	開店・閉店	2026-09-29	2026-10-19	2026-10-19	2026年9月29日	
/posts/ikspiari-salon-de-sweets-halloween-2026/	イベント	2026-09-03	2026-09-15/2026-10-31	2026-09-15/2026-10-31	公開 2026年9月3日	開催 9月15日(火)〜10月31日(土)
/posts/ikspiari-splash-challenge-2026/	イベント	2026-07-26		2026年7月26日	2026年7月26日	
/posts/ikspiari-sugary-open-2026/	開店・閉店	2026-06-14		2026年6月14日	2026年6月14日	
/posts/ikspiari-sugary-open-date-20260728/	開店・閉店	2026-07-01	2026-07-28	2026-07-28	2026年7月1日	
/posts/ikspiari-sweets-limited-shops-october-2026/	開店・閉店	2026-10-01		2026年10月1日	2026年10月1日	
/posts/ikspiari-the-sale-2026-summer/	イベント	2026-06-27		2026年6月27日	2026年6月27日	
/posts/ikspiari-tokiiro-popup-2026/	開店・閉店	2026-07-22	2026-07-23	2026-07-23	2026年7月22日	
/posts/ikspiari-tsukemen-tetsu-open-2026/	開店・閉店	2026-09-03	2026-09-17	2026-09-17	2026年9月3日	
/posts/irifune-elementary-firefly-event-2026/	子育て・教育	2026-06-22		2026年6月22日	2026年6月22日	
/posts/irodori-ichiba-mihama-2026/	イベント	2026-06-15		2026年6月15日	2026年6月15日	
/posts/jfl第12節でブリオベッカ浦安市川がレイラック滋/	スポーツ	2025-06-21		2025年6月21日	2025年6月21日	
/posts/jizake-wonderland-muyu-gyotoku-open/	開店・閉店	2026-09-14	2026-09-04	2026-09-04	2026年9月14日	
/posts/jr新浦安駅前で自転車盗難防止キャンペーン-学生/	お知らせ	2025-06-11		2025年6月11日	2025年6月11日	
/posts/juntendo-urayasu-ckd-public-lecture-2026/	イベント	2026-09-03	2026-09-05	2026-09-05	公開 2026年9月3日	開催 9月5日(土)
/posts/juntendo-urayasu-ckd-seminar-20260905/	お知らせ	2026-08-16	2026-09-05	2026-09-05	2026年8月16日	
/posts/juntendo-urayasu-heatstroke-seminar/	お知らせ	2026-06-08	2026-06-20	2026-06-20	2026年6月8日	
/posts/kagurazaka-gojuban-newcoast-shinurayasu/	イベント	2026-06-10		2026年6月10日	2026年6月10日	
/posts/kaimaku-ten-million-urayasu-2026/	イベント	2026-06-15		2026年6月15日	2026年6月15日	
/posts/kaitori-daikichi-seiyu-urayasu/	開店・閉店	2026-07-08		2026年7月8日	2026年7月8日	
/posts/kamio-hagiwara-duo-recital-urayasu-20261003/	イベント	2026-07-29	2026-10-03	2026-10-03	公開 2026年7月29日	開催 10月3日(土)
/posts/keiyo-gas-classimo-stadium-urayasu/	お知らせ	2026-05-27	2026-06-01	2026-06-01	2026年5月27日	
/posts/keiyo-line-heavy-rain-20260814/	お知らせ	2026-08-14		2026年8月14日	2026年8月14日	
/posts/keiyogas-classimo-stadium-urayasu/	ニュース	2026-05-31		2026年5月31日	2026年5月31日	
/posts/kenmin-no-hi-remember-me-screening-2026/	イベント	2026-05-16	2026-06-15	2026-06-15	公開 2026年5月16日	開催 6月15日(月)
/posts/kissa-sakura-urayasu-renewal-2026/	開店・閉店	2026-10-02		2026年10月2日	2026年10月2日	
/posts/kitchen-origin-minami-gyotoku-open/	開店・閉店	2026-06-26		2026年6月26日	2026年6月26日	
/posts/kodama-mari-momo-piano-duo-2026/	イベント	2026-06-01	2026-01-31	2026-01-31	公開 2026年6月1日	開催 1月31日(土)
/posts/kodomo-hiroba-mizuasobi-20260708/	子育て・教育	2026-07-03	2026-07-08	2026-07-08	2026年7月3日	
/posts/kodomo-hiroba-nagashi-somen-2026/	子育て・教育	2026-07-03		2026年7月3日	2026年7月3日	
/posts/kodomo-janken-taikai-2026/	イベント	2026-05-26		2026年5月26日	2026年5月26日	
/posts/kumagai-governor-urayasu-visit-childhood-202607/	ニュース	2026-07-16		2026年7月16日	2026年7月16日	
/posts/las-bonitas-arco-kobe-20260905/	スポーツ	2026-09-07	2026-09-05	2026-09-05	2026年9月7日	
/posts/las-bonitas-hokkaido-20260704/	スポーツ	2026-07-06	2026-07-04	2026-07-04	2026年7月6日	
/posts/las-bonitas-matsumoto-naomi-nikkan-spa-202607/	スポーツ	2026-07-16		2026年7月16日	2026年7月16日	
/posts/las-bonitas-regular-season-first-202609/	スポーツ	2026-09-21	2026-09-20	2026-09-20	2026年9月21日	
/posts/las-bonitas-shonan-20260719/	スポーツ	2026-07-21	2026-07-19	2026-07-19	2026年7月21日	
/posts/las-bonitas-tachikawa-win-20260823/	スポーツ	2026-08-23	2026-08-23	2026-08-23	2026年8月23日	
/posts/las-chulas-first-win-2026/	スポーツ	2026-08-10	2026-08-09	2026-08-09	2026年8月10日	
/posts/las-chulas-hachioji-20260905/	スポーツ	2026-09-07	2026-09-05	2026-09-05	2026年9月7日	
/posts/las-chulas-viento-20260823/	スポーツ	2026-08-24	2026-08-23	2026-08-23	2026年8月24日	
/posts/latelier-de-nono-france-patisserie-week-2026/	グルメ・カフェ	2026-07-16	2026-07-31	2026-07-31	2026年7月16日	
/posts/little-mermaid-maihama-opening/	イベント	2026-08-23	2026-08-26	2026-08-26	公開 2026年8月23日	開催 8月26日(水)
/posts/maihama-eurasia-20th-anniversary-2026/	イベント	2026-09-01	2026-09-01/2026-09-30	2026-09-01/2026-09-30	公開 2026年9月1日	開催 9月1日(火)〜9月30日(水)
/posts/maihama-eurasia-train-festival-2026/	イベント	2026-07-23	2026-08-22	2026-08-22	公開 2026年7月23日	開催 8月22日(土)
/posts/maihama-eurasia-urayasu-spa-plus-free-202608/	イベント	2026-08-09	2026-08-18/2026-08-20	2026-08-18/2026-08-20	公開 2026年8月9日	開催 8月18日(火)〜8月20日(木)
/posts/maihama-first-resort-autumn-sweets-buffet-2026/	グルメ・カフェ	2026-07-29	2026-10-10/2026-10-12	2026-10-10/2026-10-12	2026年7月29日	
/posts/maihama-first-resort-christmas-dinner-buffet-2026/	グルメ・カフェ	2026-09-16		2026年9月16日	2026年9月16日	
/posts/maihama-first-resort-halloween-2026/	イベント	2026-08-12	2026-09-15/2026-10-31	2026-09-15/2026-10-31	公開 2026年8月12日	開催 9月15日(火)〜10月31日(土)
/posts/maihama-first-resort-steak-buffet-202611/	グルメ・カフェ	2026-09-09	2026-11-21/2026-11-23	2026-11-21/2026-11-23	2026年9月9日	
/posts/maihama-halloween-guide-2026-published/	お知らせ	2026-08-30		2026年8月30日	2026年8月30日	
/posts/maihama-hula-festival-2026/	イベント	2026-06-04		2026年6月4日	2026年6月4日	
/posts/maihama-view-hotel-balloon-2026/	お知らせ	2026-08-11		2026年8月11日	2026年8月11日	
/posts/maihama-view-hotel-christmas-cake-2026/	グルメ・カフェ	2026-09-10		2026年9月10日	2026年9月10日	
/posts/maihama-view-hotel-halloween-2026/	グルメ・カフェ	2026-08-22	2026-09-01/2026-10-31	2026-09-01/2026-10-31	2026年8月22日	
/posts/maihama-view-hotel-halloween-afternoon-tea-2026/	グルメ・カフェ	2026-08-24	2026-09-01/2026-10-31	2026-09-01/2026-10-31	2026年8月24日	
/posts/maihama-view-hotel-kids-park/	お知らせ	2026-05-27	2026-08-01	2026-08-01	2026年5月27日	
/posts/maihama-view-hotel-summer-jazz-buffet-2026/	グルメ・カフェ	2026-07-24		2026年7月24日	2026年7月24日	
/posts/malatang-tenpo-newcoast-shinurayasu-open/	開店・閉店	2026-06-24		2026年6月24日	2026年6月24日	
/posts/marine-festival-2026/	イベント	2026-09-27	2026-10-11	2026-10-11	公開 2026年9月27日	開催 10月11日(日)
/posts/marines-giants-farm-urayasu-2026/	スポーツ	2026-08-07	2026-08-07/2026-08-09	2026-08-07/2026-08-09	2026年8月7日	
/posts/maruetsu-gyotoku-close-2026/	開店・閉店	2026-06-20	2026-07-19	2026-07-19	2026年6月20日	
/posts/mav-urayasu-west-grand-open-stores/	開店・閉店	2026-07-01	2026-06-30	2026-06-30	2026年7月1日	
/posts/mav-urayasu-west-open-2026/	開店・閉店	2026-06-20	2026-06-30	2026-06-30	2026年6月20日	
/posts/miake-river-oyster-shell-impact/	ニュース	2026-08-01		2026年8月1日	2026年8月1日	
/posts/minamigyotoku-koppepan-close-2026/	開店・閉店	2026-09-19	2026-09-27	2026-09-27	2026年9月19日	
/posts/minamigyotoku-shoku-toiro-open/	開店・閉店	2026-09-09	2026-09-04	2026-09-04	2026年9月9日	
/posts/mitsui-garden-prana-tokyo-bay-renewal-closure/	お知らせ	2026-07-09		2026年7月9日	2026年7月9日	
/posts/mona-gourmet-ticket-cashback-2026/	イベント	2026-07-22		2026年7月22日	2026年7月22日	
/posts/mona-shinurayasu-axolotl-event-2026/	イベント	2026-09-03	2026-09-05/2026-09-06	2026-09-05/2026-09-06	公開 2026年9月3日	開催 9月5日(土)〜9月6日(日)
/posts/mona-shinurayasu-protein-tasting-2026/	イベント	2026-06-12		2026年6月12日	2026年6月12日	
/posts/mona新浦安で夏セールmona-hot-bargain開始-最大70off/	イベント	2025-06-21		2025年6月21日	2025年6月21日	
/posts/myoden-3chome-bonodori-ennichi-2026/	イベント	2026-08-18	2026-08-22/2026-08-23	2026-08-22/2026-08-23	公開 2026年8月18日	開催 8月22日(土)〜8月23日(日)
/posts/myoden-cpla-opening-2026/	開店・閉店	2026-09-30		2026年9月30日	2026年9月30日	
/posts/myoden-magical-bake-opening/	開店・閉店	2026-09-19		2026年9月19日	2026年9月19日	
/posts/myoden-nail-eyelash-momo-open-202609/	開店・閉店	2026-09-12	2026-09-01	2026-09-01	2026年9月12日	
/posts/n-clinic-maihama-insurance-2026/	ニュース	2026-08-16		2026年8月16日	2026年8月16日	
/posts/n-clinic-tokyo-bay-maihama-insurance/	お知らせ	2026-08-24		2026年8月24日	2026年8月24日	
/posts/na-relo-live-tokyo-bay-sold-out-2026/	イベント	2026-06-01	2026-07-18	2026-07-18	公開 2026年6月1日	開催 7月18日(土)
/posts/nanohana-shokudo-gyotoku-close/	開店・閉店	2026-06-23	2026-06-28	2026-06-28	2026年6月23日	
/posts/nekogo-matsuri-urayasu-2026/	イベント	2026-06-12	2026-06-14	2026-06-14	公開 2026年6月12日	開催 6月14日(日)
/posts/neoxia-urayasu-open-20260901/	開店・閉店	2026-09-11	2026-09-01	2026-09-01	2026年9月11日	
/posts/newcoast-anime-soshizaiten-20260720/	イベント	2026-07-08	2026-07-20	2026-07-20	公開 2026年7月8日	開催 7月20日(月)
/posts/newcoast-creators-factory-202607/	イベント	2026-07-12	2026-07-26	2026-07-26	公開 2026年7月12日	開催 7月26日(日)
/posts/newcoast-creators-factory/	イベント	2026-06-10		2026年6月10日	2026年6月10日	
/posts/newcoast-dental-festa-2026/	子育て・教育	2026-07-12	2026-07-25	2026-07-25	2026年7月12日	
/posts/newcoast-flower-summer-school-20260820/	イベント	2026-08-13	2026-08-20	2026-08-20	公開 2026年8月13日	開催 8月20日(木)
/posts/newcoast-havaianas-beach-sandals-202607/	イベント	2026-06-27		2026年6月27日	2026年6月27日	
/posts/newcoast-havaianas-workshop-202607/	イベント	2026-07-12		2026年7月12日	2026年7月12日	
/posts/newcoast-kids-events-september-2026/	イベント	2026-09-22		2026年9月22日	2026年9月22日	
/posts/newcoast-kiyoken-202607/	イベント	2026-07-05		2026年7月5日	2026年7月5日	
/posts/newcoast-kyoto-products-202608/	イベント	2026-08-13	2026-08-21/2026-08-27	2026-08-21/2026-08-27	公開 2026年8月13日	開催 8月21日(金)〜8月27日(木)
/posts/newcoast-kyushu-umakaichi/	イベント	2026-06-04		2026年6月4日	2026年6月4日	
/posts/newcoast-shikoku-aji-meguri-202607/	イベント	2026-06-25		2026年6月25日	2026年6月25日	
/posts/newcoast-shinurayasu-creators-factory-september-2026/	イベント	2026-09-05		2026年9月5日	2026年9月5日	
/posts/newcoast-shinurayasu-kodomo-ennichi-2026/	イベント	2026-07-26		2026年7月26日	2026年7月26日	
/posts/newcoast-soccer-ball-dome-202608/	イベント	2026-08-18	2026-08-22/2026-08-23	2026-08-22/2026-08-23	公開 2026年8月18日	開催 8月22日(土)〜8月23日(日)
/posts/newcoast-tanabata-event-2026/	イベント	2026-06-13		2026年6月13日	2026年6月13日	
/posts/newcoast-tomica-plarail-2026/	イベント	2026-08-11	2026-08-29	2026-08-29	公開 2026年8月11日	開催 8月29日(土)
/posts/newcoast-tomods-beauty-health/	イベント	2026-06-04	2026-06-07	2026-06-07	公開 2026年6月4日	開催 6月7日(日)
/posts/newcoast-urayasu-d-rocks-rugby-event-2026/	イベント	2026-08-27	2026-09-19	2026-09-19	公開 2026年8月27日	開催 9月19日(土)
/posts/nhk-symphony-urayasu-pre-event-2026/	イベント	2026-06-20	2026-09-13	2026-09-13	公開 2026年6月20日	開催 9月13日(日)
/posts/nhk-symphony-urayasu-special-concert-2026/	イベント	2026-05-21	2026-11-03	2026-11-03	公開 2026年5月21日	開催 11月3日(火)
/posts/nishidaba-minami-gyotoku-open/	開店・閉店	2026-08-09	2026-08-03	2026-08-03	2026年8月9日	
/posts/nisyakugosun-urayasuekimae/	開店・閉店	2026-05-19		2026年5月19日	2026年5月19日	
/posts/oriental-hotel-family-chapel-concert-summer-2026/	イベント	2026-08-07	2026-08-09/2026-08-15	2026-08-09/2026-08-15	公開 2026年8月7日	開催 8月9日(日)〜8月15日(土)
/posts/oriental-hotel-haitoku-meat-fair-nhk-2026/	グルメ・カフェ	2026-07-18		2026年7月18日	2026年7月18日	
/posts/oriental-hotel-oktoberfest-2026/	グルメ・カフェ	2026-08-14	2026-09-01/2026-11-03	2026-09-01/2026-11-03	2026年8月14日	
/posts/oriental-hotel-pumpkin-gate-2026/	イベント	2026-09-10	2026-09-11/2026-11-03	2026-09-11/2026-11-03	公開 2026年9月10日	開催 9月11日(金)〜11月3日(火)
/posts/oriental-hotel-tokyo-bay-hokkaido-buffet-2026/	グルメ・カフェ	2026-08-28	2026-09-01/2026-11-03	2026-09-01/2026-11-03	2026年8月28日	
/posts/oriental-hotel-tokyo-bay-oktoberfest-2026/	グルメ・カフェ	2026-09-04	2026-09-01/2026-11-03	2026-09-01/2026-11-03	2026年9月4日	
/posts/osouzai-bovi-horie-open/	開店・閉店	2026-07-21	2026-07-16	2026-07-16	2026年7月21日	
/posts/otakaraya-urayasu-open-202609/	開店・閉店	2026-09-21		2026年9月21日	2026年9月21日	
/posts/otomarshe-vol28-flute/	イベント	2026-06-04	2026-07-17	2026-07-17	公開 2026年6月4日	開催 7月17日(金)
/posts/papabubble-maihama-new-store-2026/	開店・閉店	2026-08-28	2026-11-21	2026-11-21	2026年8月28日	
/posts/para-id-table-tennis-2026/	スポーツ	2026-06-10		2026年6月10日	2026年6月10日	
/posts/perch-diner-hatchwine-collab-202608/	イベント	2026-08-19	2026-08-21/2026-08-22	2026-08-21/2026-08-22	公開 2026年8月19日	開催 8月21日(金)〜8月22日(土)
/posts/pooch-you-coffee-tomioka-open/	開店・閉店	2026-07-23	2026-07-19	2026-07-19	2026年7月23日	
/posts/potto-raku-concert-fujiwara-takumi-2026/	イベント	2026-05-31	2026-06-19	2026-06-19	公開 2026年5月31日	開催 6月19日(金)
/posts/prague-cello-republic-urayasu-2026/	イベント	2026-07-09	2026-11-27	2026-11-27	公開 2026年7月9日	開催 11月27日(金)
/posts/prismnext-mihama-1st-anniversary/	ニュース	2026-09-23		2026年9月23日	2026年9月23日	
/posts/residential-road-speed-limit-30kmh-2026/	お知らせ	2026-08-15	2026-09-01	2026-09-01	2026年8月15日	
/posts/resort-line-magic-in-motion/	イベント	2026-07-25	2026-07-24/2027-03-31	2026-07-24/2027-03-31	公開 2026年7月25日	開催 7月24日(金)〜2027年3月31日(水)
/posts/resort-walk-canceled-2026/	イベント	2026-09-26	2026-09-26	2026-09-26	公開 2026年9月26日	開催 9月26日(土)
/posts/revoist-urayasu-horie-open-202608/	開店・閉店	2026-08-02	2026-08-01	2026-08-01	2026年8月2日	
/posts/rocks-fes-2025が浦安dパークで開催/	イベント	2025-06-02		2025年6月2日	2025年6月2日	
/posts/sagami-mona-shinurayasu-open/	開店・閉店	2026-07-05	2026-06-12	2026-06-12	2026年7月5日	
/posts/sakaigawa-amanogawa-2026/	イベント	2026-06-19		2026年6月19日	2026年6月19日	
/posts/sakaigawa-cleanup-music-market-2026/	イベント	2026-09-08	2026-09-13	2026-09-13	公開 2026年9月8日	開催 9月13日(日)
/posts/sakaigawa-kawamachi-marche-sunset-2026/	イベント	2026-08-05	2026-08-29	2026-08-29	公開 2026年8月5日	開催 8月29日(土)
/posts/sakura-mate-web-membership-2026/	お知らせ	2026-09-06		2026年9月6日	2026年9月6日	
/posts/salon-de-sweetsイクスピアリ内でストロベリーフェア/	グルメ・カフェ	2025-06-06		2025年6月6日	2025年6月6日	
/posts/sanbanze-biotope-observation-202607/	イベント	2026-06-13	2026-07-05	2026-07-05	公開 2026年6月13日	開催 7月5日(日)
/posts/sanbanze-crab-fishing-2026/	子育て・教育	2026-08-23	2026-10-24	2026-10-24	2026年8月23日	
/posts/seishonenkan-climbing-2026/	子育て・教育	2026-09-20	2026-10-12	2026-10-12	2026年9月20日	
/posts/seishonenkan-game-challenge/	子育て・教育	2026-06-10		2026年6月10日	2026年6月10日	
/posts/seishonenkan-kokosei-kigyo-koza-2026/	子育て・教育	2026-07-03	2026-07-29	2026-07-29	2026年7月3日	
/posts/seishonenkan-shogakusei-kabushiki-2026/	子育て・教育	2026-07-03	2026-07-27	2026-07-27	2026年7月3日	
/posts/sekachoco-gyotoku-open/	開店・閉店	2026-09-20		2026年9月20日	2026年9月20日	
/posts/seria-sundrug-gyotoku-open/	開店・閉店	2026-08-05		2026年8月5日	2026年8月5日	
/posts/sheraton-aloha-2026/	イベント	2026-07-08		2026年7月8日	2026年7月8日	
/posts/sheraton-autumn-fruit-fair-2026/	グルメ・カフェ	2026-08-19	2026-09-01/2026-09-30	2026-09-01/2026-09-30	2026年8月19日	
/posts/sheraton-hawaiian-friday-sweets-buffet-2026/	グルメ・カフェ	2026-08-07		2026年8月7日	2026年8月7日	
/posts/sheraton-maihama-north-america-food-fair/	グルメ・カフェ	2026-06-22		2026年6月22日	2026年6月22日	
/posts/sheraton-thai-food-buffet-2026/	グルメ・カフェ	2026-08-23	2026-09-01/2026-10-31	2026-09-01/2026-10-31	2026年8月23日	
/posts/sheraton-tokyo-bay-autumn-fruits-2026/	グルメ・カフェ	2026-09-02	2026-09-01/2026-09-30	2026-09-01/2026-09-30	2026年9月2日	
/posts/shinura-music-festival-autumn-2026/	イベント	2026-10-02	2026-10-10	2026-10-10	公開 2026年10月2日	開催 10月10日(土)
/posts/shinura-yorimichi-marche-202608/	イベント	2026-07-28	2026-08-01/2026-08-02	2026-08-01/2026-08-02	公開 2026年7月28日	開催 8月1日(土)〜8月2日(日)
/posts/shinurayasu-airport-limousine-bus-stop-change-2026/	お知らせ	2026-09-17	2026-10-01	2026-10-01	2026年9月17日	
/posts/shinurayasu-hinode-marche-20261003/	イベント	2026-09-18	2026-10-03	2026-10-03	公開 2026年9月18日	開催 10月3日(土)
/posts/shinurayasu-illumination-2026/	イベント	2026-10-02	2026-11-06/2027-02-27	2026-11-06/2027-02-27	公開 2026年10月2日	開催 11月6日(金)〜2027年2月27日(土)
/posts/shinurayasu-station-festival-performers-2026/	イベント	2026-08-01	2026-11-07/2026-11-08	2026-11-07/2026-11-08	公開 2026年8月1日	開催 11月7日(土)〜11月8日(日)
/posts/shinurayasu-station-south-exit-redevelopment-plan/	ニュース	2026-07-27		2026年7月27日	2026年7月27日	
/posts/shinurayasu-summer-concert-20260725/	イベント	2026-07-20	2026-07-25	2026-07-25	公開 2026年7月20日	開催 7月25日(土)
/posts/showa-music-jamboree-vol4-wave101/	イベント	2026-05-02	2026-06-28	2026-06-28	公開 2026年5月2日	開催 6月28日(日)
/posts/shunputei-koasa-urayasu-20261115/	イベント	2026-08-16	2026-11-15	2026-11-15	公開 2026年8月16日	開催 11月15日(日)
/posts/socola-minami-gyotoku-pan-dorobou-2026/	イベント	2026-09-22	2026-10-11	2026-10-11	公開 2026年9月22日	開催 10月11日(日)
/posts/socola-minami-gyotoku-premium-ticket-202607/	お知らせ	2026-07-12	2026-07-18	2026-07-18	2026年7月12日	
/posts/socola-minami-gyotoku-tombo-workshop-2026/	イベント	2026-09-05	2026-09-05/2026-09-06	2026-09-05/2026-09-06	公開 2026年9月5日	開催 9月5日(土)〜9月6日(日)
/posts/socola-minami-gyotoku-workshop-umbrella-marker/	イベント	2026-06-08		2026年6月8日	2026年6月8日	
/posts/socola-minamigyotoku-shizue-photo-20260830/	イベント	2026-08-22	2026-08-30	2026-08-30	公開 2026年8月22日	開催 8月30日(日)
/posts/spalab-urayasu-kairaku-open/	開店・閉店	2026-07-07	2026-08-01	2026-08-01	2026年7月7日	
/posts/spogomi-seishonenkan-2026/	子育て・教育	2026-09-15	2026-10-18	2026-10-18	2026年9月15日	
/posts/steinway-piano-open-day-2026/	イベント	2026-06-03		2026年6月3日	2026年6月3日	
/posts/sundrug-gyotoku-new-store/	開店・閉店	2026-09-14		2026年9月14日	2026年9月14日	
/posts/sushi-yamaguchi-gyotoku-opening-202608/	開店・閉店	2026-07-29	2026-08-08	2026-08-08	2026年7月29日	
/posts/tadokoro-shoten-shinurayasu-planned/	開店・閉店	2026-07-23	2026-09-28	2026-09-28	2026年7月23日	
/posts/taimu-urayasu-closed/	開店・閉店	2026-08-29		2026年8月29日	2026年8月29日	
/posts/takashima-chisako-violinists-sold-out-2026/	イベント	2026-06-01	2026-06-24	2026-06-24	公開 2026年6月1日	開催 6月24日(水)
/posts/takasu-jhs-aoi-ichihara-canoe-champion-2026/	スポーツ	2026-07-18		2026年7月18日	2026年7月18日	
/posts/takasu-kenmin-no-hi-matsuri-2026/	イベント	2026-06-14	2026-06-14	2026-06-14	公開 2026年6月14日	開催 6月14日(日)
/posts/takasu-sns-media-literacy-2026/	子育て・教育	2026-07-03	2026-08-05	2026-08-05	2026年7月3日	
/posts/takasu-yoga-pilates-bluva-open/	開店・閉店	2026-08-03		2026年8月3日	2026年8月3日	
/posts/takumi-myoden-seitai-planned-202609/	開店・閉店	2026-07-31		2026年7月31日	2026年7月31日	
/posts/takumi-shinurayasu-seitai-planned-202610/	開店・閉店	2026-07-29		2026年7月29日	2026年7月29日	
/posts/tatsumi-yuto-concert-urayasu-20261009/	イベント	2026-09-28	2026-10-09	2026-10-09	公開 2026年9月28日	開催 10月9日(金)
/posts/tdl-tomorrowland-renewal-2027/	ニュース	2026-08-13		2026年8月13日	2026年8月13日	
/posts/tds-25th-sparkling-dreams-shinkansen/	イベント	2026-06-20	2026-06-19	2026-06-19	公開 2026年6月20日	開催 6月19日(金)
/posts/tds-bring-the-rhythm-2027/	ニュース	2026-09-23		2026年9月23日	2026年9月23日	
/posts/tds-duffy-standby-pass-202607/	お知らせ	2026-06-19	2026-07-07	2026-07-07	2026年6月19日	
/posts/tds25-smiles-stamp-rally-2026/	イベント	2026-08-30	2026-09-04/2026-10-31	2026-09-04/2026-10-31	公開 2026年8月30日	開催 9月4日(金)〜10月31日(土)
/posts/the-golf-base-shinurayasu-open-20260813/	開店・閉店	2026-08-02	2026-08-13	2026-08-13	2026年8月2日	
/posts/the-golf-base-shinurayasu-open/	開店・閉店	2026-08-29	2026-08-13	2026-08-13	2026年8月29日	
/posts/the-golf-base-shinurayasu-range-open/	開店・閉店	2026-06-23		2026年6月23日	2026年6月23日	
/posts/the-quartet-showa-kayo-concert-2026/	イベント	2026-06-02	2026-09-16	2026-09-16	公開 2026年6月2日	開催 9月16日(水)
/posts/togakuji-toubu-mutsumi-kodomo-matsuri-2026/	イベント	2026-06-17	2026-06-20	2026-06-20	公開 2026年6月17日	開催 6月20日(土)
/posts/tokusen-rakugokai-2026/	イベント	2026-04-17	2026-08-17	2026-08-17	公開 2026年4月17日	開催 8月17日(月)
/posts/tokyo-bay-maihama-hotel-hokkaido-buffet-2026/	グルメ・カフェ	2026-05-23	2026-07-17	2026-07-17	2026年5月23日	
/posts/tokyo-disney-resort-summer-ticket-2026/	イベント	2026-06-19		2026年6月19日	2026年6月19日	
/posts/tokyo-disneysea-indiana-jones-reopen-20261130/	ニュース	2026-08-09	2026-11-30	2026-11-30	2026年8月9日	
/posts/tomioka-autumn-festival-2026/	イベント	2026-09-26	2026-09-26	2026-09-26	公開 2026年9月26日	開催 9月26日(土)
/posts/toyouke-jinja-aki-matsuri-2026/	イベント	2026-09-14	2026-10-11	2026-10-11	公開 2026年9月14日	開催 10月11日(日)
/posts/tozai-line-myoden-overhead-wire-20260915/	ニュース	2026-09-16		2026年9月16日	2026年9月16日	
/posts/trial-seiyu-urayasu-open/	開店・閉店	2026-07-15	2026-07-10	2026-07-10	2026年7月15日	
/posts/tsutaya浦安さくら通り店が7月6日で閉店6月14日から閉/	開店・閉店	2025-06-11		2025年6月11日	2025年6月11日	
/posts/u-center-festival-2026/	イベント	2026-08-23	2026-09-19	2026-09-19	公開 2026年8月23日	開催 9月19日(土)
/posts/u-style-urayasu-ongakumura-2026/	イベント	2026-08-28	2026-09-17	2026-09-17	公開 2026年8月28日	開催 9月17日(木)
/posts/ucenter-festival-2026/	イベント	2026-09-17	2026-09-19	2026-09-19	公開 2026年9月17日	開催 9月19日(土)
/posts/undokoen-summer-kids-day-2026/	イベント	2026-07-01	2026-07-25	2026-07-25	公開 2026年7月1日	開催 7月25日(土)
/posts/urakko-dagashiya-open-2026/	子育て・教育	2026-08-28	2026-09-03	2026-09-03	2026年8月28日	
/posts/urakko-handheld-fireworks-2026/	イベント	2026-08-03		2026年8月3日	2026年8月3日	
/posts/urakko-matsuri-2026/	イベント	2026-09-20	2026-10-24/2026-10-25	2026-10-24/2026-10-25	公開 2026年9月20日	開催 10月24日(土)〜10月25日(日)
/posts/uralame-summer-homework-2026/	子育て・教育	2026-07-04		2026年7月4日	2026年7月4日	
/posts/urayasu-100en-shoten-gai-11/	イベント	2026-05-20		2026年5月20日	2026年5月20日	
/posts/urayasu-accommodation-tax-plan-2026/	お知らせ	2026-07-24		2026年7月24日	2026年7月24日	
/posts/urayasu-atomic-bomb-peace-exhibition-2026/	イベント	2026-07-30		2026年7月30日	2026年7月30日	
/posts/urayasu-autumn-traffic-safety-2026/	お知らせ	2026-09-19	2026-09-21/2026-09-30	2026-09-21/2026-09-30	2026年9月19日	
/posts/urayasu-ballpark-night-yoga-2026/	イベント	2026-08-30	2026-09-06	2026-09-06	公開 2026年8月30日	開催 9月6日(日)
/posts/urayasu-bar-gai-2026/	イベント	2026-07-04		2026年7月4日	2026年7月4日	
/posts/urayasu-bicycle-enforcement-202609/	ニュース	2026-08-18		2026年8月18日	2026年8月18日	
/posts/urayasu-boccia-open-2026/	スポーツ	2026-09-04	2026-11-14	2026-11-14	2026年9月4日	
/posts/urayasu-bonodori-canceled-20260814/	イベント	2026-08-14	2026-08-15	2026-08-15	公開 2026年8月14日	開催 8月15日(土)
/posts/urayasu-bonodori-fireworks-2026/	イベント	2026-06-03		2026年6月3日	2026年6月3日	
/posts/urayasu-bonodori-report-20260815/	イベント	2026-08-15	2026-08-15	2026-08-15	公開 2026年8月15日	開催 8月15日(土)
/posts/urayasu-brighton-autumn-sweets-2026/	グルメ・カフェ	2026-08-24	2026-09-01/2026-11-30	2026-09-01/2026-11-30	2026年8月24日	
/posts/urayasu-bunka-club-2026-autumn-recruitment/	子育て・教育	2026-08-31		2026年8月31日	2026年8月31日	
/posts/urayasu-bunka-kids-backstage-tour-2026/	子育て・教育	2026-07-09		2026年7月9日	2026年7月9日	
/posts/urayasu-cemetery-returned-graves-2026/	お知らせ	2026-08-15	2026-09-01	2026-09-01	2026年8月15日	
/posts/urayasu-cemetery-shuttle-bus-202608/	お知らせ	2026-08-02	2026-08-13/2026-08-16	2026-08-13/2026-08-16	2026年8月2日	
/posts/urayasu-childcare-fee-2026-update/	子育て・教育	2026-06-08		2026年6月8日	2026年6月8日	
/posts/urayasu-childcare-support-center-relocation-2026/	子育て・教育	2026-10-01		2026年10月1日	2026年10月1日	
/posts/urayasu-chuo-kominkan-taiikukan-asobi/	子育て・教育	2026-07-10		2026年7月10日	2026年7月10日	
/posts/urayasu-city-map-field-survey/	お知らせ	2026-08-06		2026年8月6日	2026年8月6日	
/posts/urayasu-city-marathon-shop-recruitment-2027/	お知らせ	2026-08-05		2026年8月5日	2026年8月5日	
/posts/urayasu-community-center-reservation-change-20260925/	お知らせ	2026-08-31	2026-09-25	2026-09-25	2026年8月31日	
/posts/urayasu-conditioning-lab-open/	開店・閉店	2026-09-16	2026-07-02	2026-07-02	2026年9月16日	
/posts/urayasu-convenience-certificate-suspension-202610/	お知らせ	2026-09-24	2026-10-23/2026-10-25	2026-10-23/2026-10-25	2026年9月24日	
/posts/urayasu-criterium-2026-entry/	スポーツ	2026-09-15	2026-11-28	2026-11-28	2026年9月15日	
/posts/urayasu-cultural-facility-reservation-2026/	お知らせ	2026-09-12	2026-10-01	2026-10-01	2026年9月12日	
/posts/urayasu-d-park-bosai-fes-20261018/	イベント	2026-09-29	2026-10-18	2026-10-18	公開 2026年9月29日	開催 10月18日(日)
/posts/urayasu-d-park-fireworks-viewing-20261017/	イベント	2026-09-29	2026-10-17	2026-10-17	公開 2026年9月29日	開催 10月17日(土)
/posts/urayasu-d-rocks-2026-27-season-outline/	スポーツ	2026-07-02		2026年7月2日	2026年7月2日	
/posts/urayasu-d-rocks-australia-training-2026/	スポーツ	2026-06-11		2026年6月11日	2026年6月11日	
/posts/urayasu-d-rocks-fanclub-owv-2026/	スポーツ	2026-09-01		2026年9月1日	2026年9月1日	
/posts/urayasu-d-rocks-japan-national-team-camp-2026/	スポーツ	2026-08-28		2026年8月28日	2026年8月28日	
/posts/urayasu-d-rocks-japan-squad-2026/	スポーツ	2026-06-11		2026年6月11日	2026年6月11日	
/posts/urayasu-d-rocks-mayor-visit-2026/	スポーツ	2026-06-06	2026-06-05	2026-06-05	2026年6月6日	
/posts/urayasu-d-rocks-mayor-visit-preview-2026/	スポーツ	2026-05-28	2026-06-05	2026-06-05	2026年5月28日	
/posts/urayasu-d-rocks-national-stadium-2027/	スポーツ	2026-09-09		2026年9月9日	2026年9月9日	
/posts/urayasu-d-rocks-national-stadium-invitation/	スポーツ	2026-10-02		2026年10月2日	2026年10月2日	
/posts/urayasu-d-rocks-preseason-2026/	スポーツ	2026-09-07		2026年9月7日	2026年9月7日	
/posts/urayasu-d-rocks-preseason-free-invitation/	スポーツ	2026-09-19		2026年9月19日	2026年9月19日	
/posts/urayasu-d-rocks-rugby-fan-event-2026/	スポーツ	2026-09-05	2026-09-19	2026-09-19	2026年9月5日	
/posts/urayasu-d-rocks-season-end-party-2026/	スポーツ	2026-06-18		2026年6月18日	2026年6月18日	
/posts/urayasu-d-rocks-team-award-2026/	スポーツ	2026-06-09		2026年6月9日	2026年6月9日	
/posts/urayasu-d-rocks-teammates-2026/	スポーツ	2026-09-12		2026年9月12日	2026年9月12日	
/posts/urayasu-d-rocks-wakuwaku-happy-partnership-2026/	スポーツ	2026-09-02		2026年9月2日	2026年9月2日	
/posts/urayasu-daiso-shops/	開店・閉店	2026-09-04		2026年9月4日	2026年9月4日	
/posts/urayasu-disaster-radio-digital-2027/	ニュース	2026-08-12		2026年8月12日	2026年8月12日	
/posts/urayasu-documentary-film-festival-2026/	イベント	2026-06-09		2026年6月9日	2026年6月9日	
/posts/urayasu-dog-run-temporary-closure-20260901/	お知らせ	2026-08-20	2026-09-01	2026-09-01	2026年8月20日	
/posts/urayasu-dpark-summer-open-2026/	イベント	2026-08-01		2026年8月1日	2026年8月1日	
/posts/urayasu-drocks-2026-27-new-structure/	スポーツ	2026-07-11		2026年7月11日	2026年7月11日	
/posts/urayasu-drocks-d-link-20260807/	イベント	2026-07-29	2026-08-07	2026-08-07	公開 2026年7月29日	開催 8月7日(金)
/posts/urayasu-drocks-hinode-junior-high-greeting/	子育て・教育	2026-07-08		2026年7月8日	2026年7月8日	
/posts/urayasu-drocks-rugby-experience-20260730/	イベント	2026-07-14	2026-07-30	2026-07-30	公開 2026年7月14日	開催 7月30日(木)
/posts/urayasu-early-infertility-test-subsidy-2026/	子育て・教育	2026-10-03		2026年10月3日	2026年10月3日	
/posts/urayasu-emergency-fair-2026/	イベント	2026-08-06	2026-09-06	2026-09-06	公開 2026年8月6日	開催 9月6日(日)
/posts/urayasu-family-support-meeting-202609/	子育て・教育	2026-08-19		2026年8月19日	2026年8月19日	
/posts/urayasu-fire-brigade-souhou-2026/	お知らせ	2026-06-15	2026-06-28	2026-06-28	2026年6月15日	
/posts/urayasu-first-aid-courses-202609/	イベント	2026-08-02	2026-09-01|2026-09-13|2026-09-26	[2026-09-01 2026-09-13 2026-09-26]	公開 2026年8月2日	開催 9月1日(火)ほか
/posts/urayasu-geidai-balloon-dome-2026/	イベント	2026-09-30	2026-11-07	2026-11-07	公開 2026年9月30日	開催 11月7日(土)
/posts/urayasu-geidai-kuso-kingyo-workshop/	子育て・教育	2026-07-09		2026年7月9日	2026年7月9日	
/posts/urayasu-geidai-silent-voices-workshop-2026/	イベント	2026-10-01	2026-11-01	2026-11-01	公開 2026年10月1日	開催 11月1日(日)
/posts/urayasu-hanabi-taikai-2026/	イベント	2026-08-08	2026-10-17	2026-10-17	公開 2026年8月8日	開催 10月17日(土)
/posts/urayasu-hayashi-satokagura-workshop-20260823/	イベント	2026-07-26	2026-08-23	2026-08-23	公開 2026年7月26日	開催 8月23日(日)
/posts/urayasu-heavy-rain-20260814/	ニュース	2026-08-14		2026年8月14日	2026年8月14日	
/posts/urayasu-high-school-baseball-autumn-2026/	スポーツ	2026-08-15	2026-08-16/2026-08-19	2026-08-16/2026-08-19	2026年8月15日	
/posts/urayasu-home-haircut-service/	お知らせ	2026-07-31		2026年7月31日	2026年7月31日	
/posts/urayasu-horie-bridge-plan-2026/	ニュース	2026-09-25		2026年9月25日	2026年9月25日	
/posts/urayasu-indonesia-day-2026/	イベント	2026-10-02	2026-11-08	2026-11-08	公開 2026年10月2日	開催 11月8日(日)
/posts/urayasu-inflation-voucher-deadline-2026/	お知らせ	2026-08-27		2026年8月27日	2026年8月27日	
/posts/urayasu-javascript-game-workshop/	子育て・教育	2026-10-02	2026-11-15	2026-11-15	2026年10月2日	
/posts/urayasu-jichikai-study-space-2026/	子育て・教育	2026-08-04		2026年8月4日	2026年8月4日	
/posts/urayasu-junior-fire-club-national-2026/	ニュース	2026-08-30	2026-09-19/2026-09-20	2026-09-19/2026-09-20	2026年8月30日	
/posts/urayasu-junior-fire-corps-national-third-2026/	ニュース	2026-09-25		2026年9月25日	2026年9月25日	
/posts/urayasu-junior-high-school-shelter-training/	ニュース	2026-06-17		2026年6月17日	2026年6月17日	
/posts/urayasu-kamikami-bento-contest-2026/	子育て・教育	2026-06-12		2026年6月12日	2026年6月12日	
/posts/urayasu-kindergarten-2027-entry/	子育て・教育	2026-09-15		2026年9月15日	2026年9月15日	
/posts/urayasu-kindergarten-enrollment-policy-comment-2026/	子育て・教育	2026-07-16		2026年7月16日	2026年7月16日	
/posts/urayasu-kodomo-bosai-kyoshitsu-20260730/	子育て・教育	2026-07-09	2026-07-30	2026-07-30	2026年7月9日	
/posts/urayasu-kodomo-hiroba-nagashi-somen-202607/	子育て・教育	2026-07-13		2026年7月13日	2026年7月13日	
/posts/urayasu-kodomo-oukyuteate-2026/	子育て・教育	2026-07-02		2026年7月2日	2026年7月2日	
/posts/urayasu-kominkan-reservation-rules-20260925/	お知らせ	2026-09-25		2026年9月25日	2026年9月25日	
/posts/urayasu-kominkan-summer-study-space-2026/	子育て・教育	2026-07-14	2026-07-21	2026-07-21	2026年7月14日	
/posts/urayasu-koseki-furigana-registration/	お知らせ	2026-08-04		2026年8月4日	2026年8月4日	
/posts/urayasu-kourai-closed/	開店・閉店	2026-06-01		2026年6月1日	2026年6月1日	
/posts/urayasu-kyodo-tsukudani-workshop-20260731/	子育て・教育	2026-07-13	2026-07-31	2026-07-31	2026年7月13日	
/posts/urayasu-library-summer-storytime/	子育て・教育	2026-06-08		2026年6月8日	2026年6月8日	
/posts/urayasu-local-road-speed-limit-30/	お知らせ	2026-09-01		2026年9月1日	2026年9月1日	
/posts/urayasu-manabi-umi-1st-anniversary/	子育て・教育	2026-07-10		2026年7月10日	2026年7月10日	
/posts/urayasu-mangekyo-disaster-sports-survey-2026/	ニュース	2026-09-03		2026年9月3日	2026年9月3日	
/posts/urayasu-marines-giants-farm-202608/	スポーツ	2026-07-14		2026年7月14日	2026年7月14日	
/posts/urayasu-medical-care-preparation-seminar-20260826/	イベント	2026-07-26	2026-08-26	2026-08-26	公開 2026年7月26日	開催 8月26日(水)
/posts/urayasu-mori-trip-2026/	イベント	2026-09-30	2026-11-14/2026-11-15	2026-11-14/2026-11-15	公開 2026年9月30日	開催 11月14日(土)〜11月15日(日)
/posts/urayasu-museum-summer-exhibition-research-2026/	子育て・教育	2026-07-19	2026-07-18	2026-07-18	2026年7月19日	
/posts/urayasu-neighborhood-summer-festivals-2026/	イベント	2026-08-02		2026年8月2日	2026年8月2日	
/posts/urayasu-nekozane-river-drainage/	ニュース	2026-06-04		2026年6月4日	2026年6月4日	
/posts/urayasu-new-bayshore-road-panel-2026/	ニュース	2026-09-04		2026年9月4日	2026年9月4日	
/posts/urayasu-official-car-bid/	ニュース	2026-06-10		2026年6月10日	2026年6月10日	
/posts/urayasu-olympic-athlete-award-2026/	お知らせ	2026-08-13		2026年8月13日	2026年8月13日	
/posts/urayasu-omocha-yuenchi-2026/	イベント	2026-05-23	2026-05-23	2026-05-23	公開 2026年5月23日	開催 5月23日(土)
/posts/urayasu-park-trash-box-removal-2026/	お知らせ	2026-06-19	2026-06-22	2026-06-22	2026年6月19日	
/posts/urayasu-park-trash-box-removal/	お知らせ	2026-06-23	2026-06-22	2026-06-22	2026年6月23日	
/posts/urayasu-peace-gathering-2026/	イベント	2026-08-01	2026-08-29	2026-08-29	公開 2026年8月1日	開催 8月29日(土)
/posts/urayasu-postpartum-care-tokyo-bay-2026/	子育て・教育	2026-06-16		2026年6月16日	2026年6月16日	
/posts/urayasu-pr-ambassador-sanmaido-tatsuya-2026/	お知らせ	2026-06-03	2026-06-01	2026-06-01	2026年6月3日	
/posts/urayasu-pure-classic-concert-56-2026/	イベント	2026-04-30	2026-07-20	2026-07-20	公開 2026年4月30日	開催 7月20日(月)
/posts/urayasu-recycled-bicycle-lottery-september-2026/	お知らせ	2026-09-05		2026年9月5日	2026年9月5日	
/posts/urayasu-sanbanze-crab-fishing-202610/	子育て・教育	2026-08-21	2026-10-24	2026-10-24	2026年8月21日	
/posts/urayasu-school-choice-2027/	子育て・教育	2026-09-12		2026年9月12日	2026年9月12日	
/posts/urayasu-school-club-regional-transition-leifras/	子育て・教育	2026-09-26		2026年9月26日	2026年9月26日	
/posts/urayasu-school-entrance-grant-2027/	子育て・教育	2026-10-01		2026年10月1日	2026年10月1日	
/posts/urayasu-second-book-2026/	子育て・教育	2026-09-30	2026-10-14	2026-10-14	2026年9月30日	
/posts/urayasu-seishonenkan-food-sample-2026/	子育て・教育	2026-08-17	2026-09-23	2026-09-23	2026年8月17日	
/posts/urayasu-seishonenkan-kokosei-kigyo-koza/	子育て・教育	2026-07-13	2026-07-29	2026-07-29	2026年7月13日	
/posts/urayasu-slackline-2026/	スポーツ	2026-06-14	2026-06-20	2026-06-20	2026年6月14日	
/posts/urayasu-smile-fes-20260809/	イベント	2026-07-18	2026-08-09	2026-08-09	公開 2026年7月18日	開催 8月9日(日)
/posts/urayasu-sports-fair-2026/	イベント	2026-10-01	2026-10-11	2026-10-11	公開 2026年10月1日	開催 10月11日(日)
/posts/urayasu-sports-nutrition-counseling/	イベント	2026-06-10		2026年6月10日	2026年6月10日	
/posts/urayasu-station-bus-stop-e-relocation-plan/	ニュース	2026-07-24		2026年7月24日	2026年7月24日	
/posts/urayasu-station-new-open-2026/	開店・閉店	2026-05-29		2026年5月29日	2026年5月29日	
/posts/urayasu-stay-ranking-chiba-2026/	ニュース	2026-09-02		2026年9月2日	2026年9月2日	
/posts/urayasu-steel-job-fair-20260822/	イベント	2026-08-02	2026-08-22	2026-08-22	公開 2026年8月2日	開催 8月22日(土)
/posts/urayasu-string-experience-recital-2026/	イベント	2026-07-06	2026-08-02	2026-08-02	公開 2026年7月6日	開催 8月2日(日)
/posts/urayasu-string-instrument-workshop-2026/	イベント	2026-06-02		2026年6月2日	2026年6月2日	
/posts/urayasu-summer-kids-environment-class-2026/	子育て・教育	2026-06-17	2026-07-24	2026-07-24	2026年6月17日	
/posts/urayasu-summer-pool-guide-2026/	お知らせ	2026-06-16		2026年6月16日	2026年6月16日	
/posts/urayasu-suzumidokoro-recruitment-2026/	お知らせ	2026-06-12		2026年6月12日	2026年6月12日	
/posts/urayasu-tanabata-marche-2026/	イベント	2026-06-18	2026-07-05	2026-07-05	公開 2026年6月18日	開催 7月5日(日)
/posts/urayasu-tax-certificate-convenience-store-suspension/	お知らせ	2026-06-08		2026年6月8日	2026年6月8日	
/posts/urayasu-tax-spoofing-email-alert-2026/	ニュース	2026-06-21		2026年6月21日	2026年6月21日	
/posts/urayasu-thank-you-certificate-ceremony-2026/	お知らせ	2026-05-28	2026-06-29	2026-06-29	2026年5月28日	
/posts/urayasu-todaijima-community-center-closure-2026/	お知らせ	2026-10-03		2026年10月3日	2026年10月3日	
/posts/urayasu-tv-interference-november-2026/	お知らせ	2026-10-03	2026-11-19	2026-11-19	2026年10月3日	
/posts/urayasu-tv-reception-700mhz-202608/	お知らせ	2026-06-25	2026-08-20	2026-08-20	2026年6月25日	
/posts/urayasu-typhoon-disaster-response-20260627/	ニュース	2026-06-28		2026年6月28日	2026年6月28日	
/posts/urayasu-typhoon-facility-garbage-20260627/	お知らせ	2026-06-27		2026年6月27日	2026年6月27日	
/posts/urayasu-typhoon25-facilities-keiro-20260921/	お知らせ	2026-09-21		2026年9月21日	2026年9月21日	
/posts/urayasu-typhoon26-20260930/	お知らせ	2026-09-30		2026年9月30日	2026年9月30日	
/posts/urayasu-typhoon6-disaster-headquarters/	ニュース	2026-06-04		2026年6月4日	2026年6月4日	
/posts/urayasu-typhoon6-facility-closure/	お知らせ	2026-06-03	2026-06-03	2026-06-03	2026年6月3日	
/posts/urayasu-u-center-festival-2026/	イベント	2026-09-05	2026-09-19	2026-09-19	公開 2026年9月5日	開催 9月19日(土)
/posts/urayasu-venus-plaza-kids-bicycle-lottery/	お知らせ	2026-06-03		2026年6月3日	2026年6月3日	
/posts/urayasu-voting-hours-early-voting-takasu/	お知らせ	2026-08-27		2026年8月27日	2026年8月27日	
/posts/urayasu-vs-akabane-talk5050/	ニュース	2026-09-13		2026年9月13日	2026年9月13日	
/posts/urayasu-waste-oil-clothes-collection-20260809/	お知らせ	2026-08-08	2026-08-09	2026-08-09	2026年8月8日	
/posts/urayasu-water-bill-discount-2026/	お知らせ	2026-08-15		2026年8月15日	2026年8月15日	
/posts/urayasu-zaitaku-neuro-clinic-open/	開店・閉店	2026-08-21	2026-09-01	2026-09-01	2026年8月21日	
/posts/usagi-tea-garden-gohoubi-marche-2026/	イベント	2026-08-24	2026-09-12	2026-09-12	公開 2026年8月24日	開催 9月12日(土)
/posts/wamen-zen-horie-open/	開店・閉店	2026-08-07	2026-08-07	2026-08-07	2026年8月7日	
/posts/wanpaku-sumo-urayasu-2026/	スポーツ	2026-05-12		2026年5月12日	2026年5月12日	
/posts/water-bill-discount-extension-2026/	お知らせ	2026-09-27		2026年9月27日	2026年9月27日	
/posts/wave101-senior-exercise-special-2026/	イベント	2026-09-23	2026-09-30	2026-09-30	公開 2026年9月23日	開催 9月30日(水)
/posts/well-pilates-urayasu-open-202611/	開店・閉店	2026-09-25		2026年9月25日	2026年9月25日	
/posts/wheelchair-basketball-3x3-court-open/	スポーツ	2026-05-26	2026-05-01	2026-05-01	2026年5月26日	
/posts/yakushima-izakaya-temporary-closure/	開店・閉店	2026-09-28		2026年9月28日	2026年9月28日	
/posts/yamada-jhs-urayasu-market-2026/	イベント	2026-09-27	2026-09-30	2026-09-30	公開 2026年9月27日	開催 9月30日(水)
/posts/yamazaki-shop-shimamura-close-202609/	開店・閉店	2026-09-25		2026年9月25日	2026年9月25日	
/posts/yokoyama-daisuke-doyo-concert-20260809/	イベント	2026-07-31	2026-08-09	2026-08-09	公開 2026年7月31日	開催 8月9日(日)
/posts/yuzuru-hanyu-pooh-exhibition-maihama-2026/	イベント	2026-09-06	2026-09-04/2026-10-20	2026-09-04/2026-10-20	公開 2026年9月6日	開催 9月4日(金)〜10月20日(火)
/posts/zen-place-pilates-urayasu-open-20261001/	開店・閉店	2026-09-28	2026-10-01	2026-10-01	2026年9月28日	
/posts/zero-age-orchestra-concert-2026/	イベント	2026-04-16	2026-07-05	2026-07-05	公開 2026年4月16日	開催 7月5日(日)
/posts/いちご飴専門店strawberry-fetishがイクスピアリに8月オー/	開店・閉店	2025-06-24		2025年6月24日	2025年6月24日	
/posts/おとなの習い事-ものづくり会-in-ur望海の街/	イベント	2025-06-03		2025年6月3日	2025年6月3日	
/posts/さくら水産イオン新浦安店生本まぐろ解体ショー/	グルメ・カフェ	2025-06-27		2025年6月27日	2025年6月27日	
/posts/しなこちゃんwego第2弾販売記念来店イベント開催/	イベント	2025-06-17		2025年6月17日	2025年6月17日	
/posts/わくわくでんしゃまつり-in-舞浜ユーラシア/	イベント	2025-06-08		2025年6月8日	2025年6月8日	
/posts/アトレ新浦安popprism-summer-6月27日からスタート/	お知らせ	2025-06-27		2025年6月27日	2025年6月27日	
/posts/アトレ新浦安popprism-summer海テーマの夏プロモーシ/	イベント	2025-06-28		2025年6月28日	2025年6月28日	
/posts/アトレ新浦安popprism-summer第二弾は音楽アート/	イベント	2025-07-09		2025年7月9日	2025年7月9日	
/posts/アトレ新浦安でlaq無料体験イベント開催/	イベント	2025-06-02		2025年6月2日	2025年6月2日	
/posts/アトレ新浦安で小学生向け職業体験イベントお/	お知らせ	2025-07-04		2025年7月4日	2025年7月4日	
/posts/アトレ新浦安で第11回-adoption-park保護犬猫譲渡会開/	イベント	2025-06-12		2025年6月12日	2025年6月12日	
/posts/イオン新浦安で怪談イベント開催予告/	イベント	2025-07-10		2025年7月10日	2025年7月10日	
/posts/イオン新浦安ショッピングセンターにサン/	開店・閉店	2025-07-05		2025年7月5日	2025年7月5日	
/posts/イギリスの雰囲気を味わうランチ会開催/	グルメ・カフェ	2025-06-29		2025年6月29日	2025年6月29日	
/posts/イクスピアリ25周年リニューアル-ディズニースト/	開店・閉店	2025-06-30		2025年6月30日	2025年6月30日	
/posts/イクスピアリでイクスピアリザセール開/	お知らせ	2025-06-24		2025年6月24日	2025年6月24日	
/posts/イクスピアリにアサイー専門店sugaryが2026年夏オー/	開店・閉店	2026-04-29		2026年4月29日	2026年4月29日	
/posts/イクスピアリに韓国料理ベジゴーが登場108/	グルメ・カフェ	2026-04-19	2026-04-28	2026-04-28	2026年4月19日	
/posts/イクスピアリサマー今年も開催-水しぶきイ/	お知らせ	2025-07-11		2025年7月11日	2025年7月11日	
/posts/イクスピアリディズニーストア東京ディズニー/	ニュース	2025-07-07		2025年7月7日	2025年7月7日	
/posts/イクスピアリ夏の大バーゲンイクスピアリザ/	イベント	2025-06-28		2025年6月28日	2025年6月28日	
/posts/サイゼリヤ-アトレ新浦安店が営業時間延長-朝10/	グルメ・カフェ	2025-07-01		2025年7月1日	2025年7月1日	
/posts/ザ-ロイヤルパークホテル舞浜リゾート東京ベイ2026/	ニュース	2025-07-04		2025年7月4日	2025年7月4日	
/posts/スポチャレ-わくわく運動会の申込受付開始/	スポーツ	2025-06-19		2025年6月19日	2025年6月19日	
/posts/スマホの広場シニア向けスマホ相談会/	お知らせ	2025-06-03		2025年6月3日	2025年6月3日	
/posts/タカスポウラヤスチアリーダーズが市長を表敬訪/	スポーツ	2025-06-11		2025年6月11日	2025年6月11日	
/posts/ドラッグストアスギ薬局-浦安さくら通り店が5/	開店・閉店	2026-04-28	2026-05-21	2026-05-21	2026年4月28日	
/posts/ドンキホーテ西友行徳店がオープン-行徳エリ/	開店・閉店	2025-07-01		2025年7月1日	2025年7月1日	
/posts/ニューコースト新浦安で七夕飾りイベント開始/	イベント	2025-06-21		2025年6月21日	2025年6月21日	
/posts/ニューコースト新浦安に精肉専門店肉匠かみむ/	開店・閉店	2025-07-04		2025年7月4日	2025年7月4日	
/posts/ニューコースト新浦安海側エントランス一時閉鎖/	お知らせ	2025-06-27		2025年6月27日	2025年6月27日	
/posts/バーバーショップスタイルvagabondsライブ開催/	イベント	2025-06-10		2025年6月10日	2025年6月10日	
/posts/パラアスリートの木名瀬大介選手がジャパンパラ/	スポーツ	2025-07-04		2025年7月4日	2025年7月4日	
/posts/ビーナスショップ夏の特別販売/	イベント	2025-07-03		2025年7月3日	2025年7月3日	
/posts/フェリシモのワンピースショップがイクスピアリ/	開店・閉店	2025-06-24		2025年6月24日	2025年6月24日	
/posts/マッスルゲート東京ベイ大会開催/	スポーツ	2025-06-29		2025年6月29日	2025年6月29日	
/posts/ラーメン店舎鈴で夏季限定メニュー販売開始/	グルメ・カフェ	2025-07-10		2025年7月10日	2025年7月10日	
/posts/ワイズマートディスカ浦安弁天店が6月23日より/	開店・閉店	2025-06-11		2025年6月11日	2025年6月11日	
/posts/一風堂イクスピアリ店-6月27日リニューアルオープ/	開店・閉店	2025-06-30		2025年6月30日	2025年6月30日	
/posts/中央武道館がスポーツ事業イベント情報を更新/	イベント	2025-06-12		2025年6月12日	2025年6月12日	
/posts/中華料理-泰興浦安駅高架下再開発で3月上旬に/	開店・閉店	2026-02-27		2026年2月27日	2026年2月27日	
/posts/事故にあいませんように浦安市の保育園児ら/	ニュース	2025-07-04		2025年7月4日	2025年7月4日	
/posts/千葉浦安の市立小にメディアセンター整備で情/	子育て・教育	2025-07-13		2025年7月13日	2025年7月13日	
/posts/千葉県議会一般質問で浦安市選出議員が質疑/	ニュース	2025-06-12		2025年6月12日	2025年6月12日	
/posts/境川かわまちづくり2025境川で天の川七夕イベ/	イベント	2025-07-08		2025年7月8日	2025年7月8日	
/posts/境川で天の川-七夕イベント開催間近-7月6日7日実/	イベント	2025-06-30		2025年6月30日	2025年6月30日	
/posts/境川乗船体験/	イベント	2025-06-08		2025年6月8日	2025年6月8日	
/posts/夏休みボランティア体験の募集情報を公開/	お知らせ	2025-06-19		2025年6月19日	2025年6月19日	
/posts/夏季ジュニア硬式テニススクール開催-浦安市で小/	スポーツ	2025-06-30		2025年6月30日	2025年6月30日	
/posts/夏季プールgrand-bleuが運営開始/	イベント	2025-07-02		2025年7月2日	2025年7月2日	
/posts/子どもの邪魔をしない教育と次の社会のため/	子育て・教育	2025-06-10		2025年6月10日	2025年6月10日	
/posts/小学生と市長教育長のランチミーティング実施/	子育て・教育	2025-06-20		2025年6月20日	2025年6月20日	
/posts/市立保育園-夏期臨時保育サポーター募集/	お知らせ	2025-07-03		2025年7月3日	2025年7月3日	
/posts/廃食油古着古布の回収7月9日実施へ/	お知らせ	2025-06-11		2025年6月11日	2025年6月11日	
/posts/新浦安の旧護岸が未来のまちづくり拠点に/	ニュース	2025-06-04		2025年6月4日	2025年6月4日	
/posts/新浦安アトレ新浦安1f食料品ゾーンが7月リニ/	開店・閉店	2026-05-13		2026年5月13日	2026年5月13日	
/posts/新浦安日の出マルシェaperitif-marcheアペリティフ/	イベント	2025-06-29		2025年6月29日	2025年6月29日	
/posts/新浦安高洲猫実地域包括支援センター運営業/	お知らせ	2025-06-11		2025年6月11日	2025年6月11日	
/posts/明海つどいの広場でどろんこ農園活動日/	子育て・教育	2025-06-20		2025年6月20日	2025年6月20日	
/posts/明海大学不動産学部がまちづくり活動プラザ/	ニュース	2025-06-25		2025年6月25日	2025年6月25日	
/posts/星野リゾート1955東京ベイが1周年記念イベント発表/	イベント	2025-06-24		2025年6月24日	2025年6月24日	
/posts/東京ディズニーシー-音楽フェス付き1デーパスポー/	イベント	2025-06-08		2025年6月8日	2025年6月8日	
/posts/東京ディズニーシーで音楽フェス特別パスポー/	イベント	2025-06-10		2025年6月10日	2025年6月10日	
/posts/東京ディズニーリゾートでサマークールオフイ/	イベント	2025-06-21		2025年6月21日	2025年6月21日	
/posts/東京ディズニーリゾートチケット価格見直しを/	ニュース	2025-06-08		2025年6月8日	2025年6月8日	
/posts/浦安d-rocks4-24金秩父宮でfri-d-night開催浦安市民優/	スポーツ	2026-04-23	2026-04-24	2026-04-24	2026年4月23日	
/posts/浦安d-rocksd1-d2入替戦への出場が決定-第2戦は5-30夢の/	スポーツ	2026-04-30	2026-05-30	2026-05-30	2026年4月30日	
/posts/浦安d-rocksがベイカレントとパートナーシップ契約締/	スポーツ	2025-06-13		2025年6月13日	2025年6月13日	
/posts/浦安d-rocks最終節も勝利で入替戦へ対戦相手/	スポーツ	2026-05-11		2026年5月11日	2026年5月11日	
/posts/浦安d-rocks第15節-横浜キヤノンイーグルス戦-15-33で敗/	スポーツ	2026-04-21		2026年4月21日	2026年4月21日	
/posts/浦安d-rocks第16節-静岡ブルーレヴズ戦2649で敗れ12連/	スポーツ	2026-04-27		2026年4月27日	2026年4月27日	
/posts/浦安d-rocks首位埼玉wkを逆転撃破第17節で連敗12で/	スポーツ	2026-05-02	2026-05-01	2026-05-01	2026年5月2日	
/posts/浦安grand-monday-resort-東京ベイ舞浜7月18日グランドオ/	開店・閉店	2026-05-10		2026年5月10日	2026年5月10日	
/posts/浦安あつまれうんどう公園-gwスペシャルday5/	イベント	2026-04-27	2026-05-05	2026-05-05	公開 2026年4月27日	開催 5月5日(火)
/posts/浦安の木名瀬大介選手がジャパンパラ陸上で金メ/	スポーツ	2025-07-12		2025年7月12日	2025年7月12日	
/posts/浦安アトレ新浦安と浦安d-rocksが包括連携協定を/	お知らせ	2026-04-19		2026年4月19日	2026年4月19日	
/posts/浦安オムライス専門店yellow-浦安が2026年6月7/	開店・閉店	2026-04-29		2026年4月29日	2026年4月29日	
/posts/浦安ファミリーマート浦安富士見三丁目店が/	開店・閉店	2026-04-30	2026-04-30	2026-04-30	2026年4月30日	
/posts/浦安ブライトンホテル-東京ベイスワンパフェ/	グルメ・カフェ	2025-06-04		2025年6月4日	2025年6月4日	
/posts/浦安ブライトンホテル東京ベイで松丸亮吾プロデ/	イベント	2025-07-04		2025年7月4日	2025年7月4日	
/posts/浦安マクドナルド新浦安明海店が明海5丁目に/	開店・閉店	2026-04-19		2026年4月19日	2026年4月19日	
/posts/浦安マーケット開催-愛知県南知多町の中学生が/	イベント	2025-06-20		2025年6月20日	2025年6月20日	
/posts/浦安マーヴ浦安にらめん-きんとうんが6/	開店・閉店	2026-05-12		2026年5月12日	2026年5月12日	
/posts/浦安ユースオーケストラがイオン新浦安でのハッ/	お知らせ	2025-06-24		2025年6月24日	2025年6月24日	
/posts/浦安リンツ-ショコラ-ブティックが北栄エリア/	開店・閉店	2026-04-30		2026年4月30日	2026年4月30日	
/posts/浦安ローソンストア100浦安当代島店が本日4-30/	開店・閉店	2026-04-30	2026-04-30	2026-04-30	2026年4月30日	
/posts/浦安万華郷跡地活用方針が決定/	ニュース	2025-06-04		2025年6月4日	2025年6月4日	
/posts/浦安乗合屋形船6月8日開催夜景と旬の味覚を/	イベント	2025-06-10		2025年6月10日	2025年6月10日	
/posts/浦安地元愛から生まれたクラフトビールウ/	グルメ・カフェ	2026-05-06		2026年5月6日	2026年5月6日	
/posts/浦安堀江の久助稲荷神社で大祭5月23日24日/	イベント	2026-05-02		2026年5月2日	2026年5月2日	
/posts/浦安境川にこいのぼり300匹が泳ぐ5月5日まで/	イベント	2026-04-23	2026-05-05	2026-05-05	公開 2026年4月23日	開催 5月5日(火)
/posts/浦安市5-45祝ふれあいフェスタ-みどり/	イベント	2026-05-02		2026年5月2日	2026年5月2日	
/posts/浦安市gw初日に浦安マリーナが一般開放4-29祝/	イベント	2026-04-20	2026-04-29	2026-04-29	公開 2026年4月20日	開催 4月29日(水)
/posts/浦安市mona新浦安2fにdenbaラウンジ4月25日オープン/	開店・閉店	2026-04-24	2026-04-25	2026-04-25	2026年4月24日	
/posts/浦安市うらやすの仲間たち第2回アンサン/	イベント	2026-05-08	2026-06-27	2026-06-27	公開 2026年5月8日	開催 6月27日(土)
/posts/浦安市が2025年度職員採用試験合格者を発表/	お知らせ	2025-07-01		2025年7月1日	2025年7月1日	
/posts/浦安市イオン新浦安-ペデストリアンデッキで/	イベント	2026-04-21		2026年4月21日	2026年4月21日	
/posts/浦安市ブリオベッカ浦安のパブリックビュー/	スポーツ	2026-05-11	2026-05-17	2026-05-17	2026年5月11日	
/posts/浦安市ブリオベッカ浦安市川-5月2日土ホー/	スポーツ	2026-04-24	2026-05-02	2026-05-02	2026年4月24日	
/posts/浦安市ブリオベッカ浦安市川がホームで2-1/	スポーツ	2026-05-08	2026-05-02	2026-05-02	2026年5月8日	
/posts/浦安市ブリオベッカ浦安市川が天皇杯出場/	スポーツ	2026-05-10	2026-05-10	2026-05-10	2026年5月10日	
/posts/浦安市ブリオベッカ浦安市川が天皇杯千葉/	スポーツ	2026-05-08	2026-05-09	2026-05-09	2026年5月8日	
/posts/浦安市中央公民館で各種講座の募集開始/	お知らせ	2025-06-25		2025年6月25日	2025年6月25日	
/posts/浦安市内のスーパーで米を盗んだ29歳男が逮捕/	ニュース	2025-06-19		2025年6月19日	2025年6月19日	
/posts/浦安市内スーパーでコメ窃盗事件の男を逮捕/	ニュース	2025-06-24		2025年6月24日	2025年6月24日	
/posts/浦安市創業者支援情報を更新-チャレンジショッ/	お知らせ	2025-06-19		2025年6月19日	2025年6月19日	
/posts/浦安市北栄にハンバーガー店perch-dinerが4月21日/	開店・閉店	2026-04-22	2026-04-21	2026-04-21	2026年4月22日	
/posts/浦安市営東野プール2025年夏季営業開始-9月7日まで/	お知らせ	2025-07-06		2025年7月6日	2025年7月6日	
/posts/浦安市境川に300旒以上のこいのぼりが今年も/	イベント	2026-04-30	2026-05-05	2026-05-05	公開 2026年4月30日	開催 5月5日(火)
/posts/浦安市境川みんなのかわまち春-2026べか舟/	イベント	2026-04-24		2026年4月24日	2026年4月24日	
/posts/浦安市子育て中の保護者向け家庭教育学級/	子育て・教育	2026-04-20		2026年4月20日	2026年4月20日	
/posts/浦安市小学校中学校入学手続き情報更新/	子育て・教育	2025-07-11		2025年7月11日	2025年7月11日	
/posts/浦安市市民活動センター-大型プリンター復旧/	お知らせ	2025-06-11		2025年6月11日	2025年6月11日	
/posts/浦安市市民活動センターが各種イベント情報を公/	お知らせ	2025-06-12		2025年6月12日	2025年6月12日	
/posts/浦安市文化会館で夏休みファミリーコンサート/	イベント	2025-07-10		2025年7月10日	2025年7月10日	
/posts/浦安市東学浦安春季千葉県大会で創部初の/	スポーツ	2026-05-06	2026-05-03	2026-05-03	2026年5月6日	
/posts/浦安市民限定千葉ロッテマリーンズ戦に無料招/	スポーツ	2025-07-12		2025年7月12日	2025年7月12日	
/posts/浦安市浦安シティオーケストラ第65回定期演奏/	イベント	2026-05-07	2026-05-24	2026-05-24	公開 2026年5月7日	開催 5月24日(日)
/posts/浦安市浦安乗合屋形船2026年前期運航中2/	イベント	2026-05-09		2026年5月9日	2026年5月9日	
/posts/浦安市浦安子どもミュージカル第20回公演ピ/	イベント	2026-05-06	2026-05-31	2026-05-31	公開 2026年5月6日	開催 5月31日(日)
/posts/浦安市浦安駅前に焼肉きんぐが2026年6月下/	開店・閉店	2026-04-24		2026年4月24日	2026年4月24日	
/posts/浦安市物価高騰対策給付金申請期限迫る-6月30日/	お知らせ	2025-06-20		2025年6月20日	2025年6月20日	
/posts/浦安市第28回浦安市民まつり-4月25日26日開催/	イベント	2026-04-21		2026年4月21日	2026年4月21日	
/posts/浦安市第28回浦安市民まつりが4-25土26日開催/	イベント	2026-04-20		2026年4月20日	2026年4月20日	
/posts/浦安市第28回浦安市民まつりが4月25日26日に開/	イベント	2026-04-22		2026年4月22日	2026年4月22日	
/posts/浦安市第6回清瀧神社こどもまつり5月31日/	イベント	2026-05-09	2026-05-31	2026-05-31	公開 2026年5月9日	開催 5月31日(日)
/posts/浦安市職員が住居侵入未遂で逮捕スリル味わ/	ニュース	2025-06-11		2025年6月11日	2025年6月11日	
/posts/浦安市職員が耐震性貯水槽および仮設給水栓取り/	お知らせ	2025-07-09		2025年7月9日	2025年7月9日	
/posts/浦安市舞浜の住宅街で民泊トラブル増加市/	ニュース	2026-05-06		2026年5月6日	2026年5月6日	
/posts/浦安市青少年館でクライミングアドバンス開/	イベント	2025-06-13		2025年6月13日	2025年6月13日	
/posts/浦安東野1丁目のクボタ研修施設跡地にシニア/	ニュース	2026-04-29		2026年4月29日	2026年4月29日	
/posts/浦安浦マリ-マルシェ-4月29日水祝開催千鳥-2/	イベント	2026-04-27	2026-04-29	2026-04-29	公開 2026年4月27日	開催 4月29日(水)
/posts/浦安浦安d-rocks-official-brew-pubが祭醸造とコラボ開設/	スポーツ	2026-04-19		2026年4月19日	2026年4月19日	
/posts/浦安混声合唱団第13回演奏会が浦安音楽ホールで開/	イベント	2025-07-12		2025年7月12日	2025年7月12日	
/posts/浦安西友浦安店が5月31日に一時閉店夏に/	開店・閉店	2026-05-02	2026-05-31	2026-05-31	2026年5月2日	
/posts/浦安駅前に子どもと若者の居場所こども青少/	お知らせ	2026-04-19		2026年4月19日	2026年4月19日	
/posts/清瀧神社で第5回こどもまつり開催/	イベント	2025-06-02		2025年6月2日	2025年6月2日	
/posts/男子セブンズデベロップメントスコッド浦安/	スポーツ	2025-07-13		2025年7月13日	2025年7月13日	
/posts/県民の日わくわくこども映画上映会ハリーポッ/	イベント	2025-06-17		2025年6月17日	2025年6月17日	
/posts/稲庭うどんx丼めし金子半之助がイクスピア/	グルメ・カフェ	2026-04-19	2026-04-21	2026-04-21	2026年4月19日	
/posts/第16回夏休み親子初めてハゼ釣り教室が開催/	イベント	2025-07-13		2025年7月13日	2025年7月13日	
/posts/第2回-しずか荘マルシェ開催/	イベント	2025-06-01		2025年6月1日	2025年6月1日	
/posts/第43回よみうり旗争奪戦-浦安市少年野球連盟で決/	スポーツ	2025-07-14		2025年7月14日	2025年7月14日	
/posts/第9回ハッピーフェスタ-in-新浦安地域コンサー/	イベント	2025-06-24		2025年6月24日	2025年6月24日	
/posts/第十区自治会夏まつり開催/	イベント	2025-06-29		2025年6月29日	2025年6月29日	
/posts/肉処-大久保ニューコースト新浦安閉店/	開店・閉店	2025-06-08		2025年6月8日	2025年6月8日	
/posts/舞浜イクスピアリ月島もんじゃモヘジ/	開店・閉店	2026-04-30	2026-04-28	2026-04-28	2026年4月30日	
/posts/舞浜フラフェスティバル2025開催-イクスピアリが3/	イベント	2025-06-21		2025年6月21日	2025年6月21日	
/posts/舞浜出張所建設が入札不調で遅れ-ディズニー周/	ニュース	2025-07-12		2025年7月12日	2025年7月12日	
/posts/若者のための夏休みボランティア2025参加者募集/	お知らせ	2025-06-11		2025年6月11日	2025年6月11日	
/posts/葛南地区青少年のつどい大会モルック大会が/	イベント	2025-06-24		2025年6月24日	2025年6月24日	
/posts/葛南教育事務所所長が堀江中学校を訪問-学校運/	子育て・教育	2025-06-20		2025年6月20日	2025年6月20日	
/posts/藤城心選手が2025年アジア柔道選手権大会52キログラ/	スポーツ	2025-07-09		2025年7月9日	2025年7月9日	
/posts/藤城心選手がアジア柔道選手権大会優勝報告市長/	スポーツ	2025-07-15		2025年7月15日	2025年7月15日	
/posts/行徳行徳街バル2026が4-2324開催35店舗でチケッ/	イベント	2026-04-23		2026年4月23日	2026年4月23日	
/posts/西安餃子mona新浦安での夏季限定メニュー情報発/	グルメ・カフェ	2025-06-24		2025年6月24日	2025年6月24日	
/posts/見明川小学校で火おこし体験授業実施-郷土博物館/	子育て・教育	2025-06-30		2025年6月30日	2025年6月30日	
/posts/迷子の認知症女性を保護した浦安市の20代夫婦に県/	ニュース	2025-06-21		2025年6月21日	2025年6月21日	
/posts/順天堂大学医学部附属浦安病院-市民公開講座開催/	お知らせ	2025-06-01		2025年6月1日	2025年6月1日	
/posts/高洲中で避難所運営体験-中学生が仮設トイレ設/	子育て・教育	2025-06-28		2025年6月28日	2025年6月28日	
/posts/高齢者の交通費助成制度icカード利用負担額の更/	お知らせ	2025-06-11		2025年6月11日	2025年6月11日	
/travel-guide/disney-tickets/		2026-07-06		2026年7月6日	2026年7月6日	
/travel-guide/family-packing/		2026-08-17		2026年8月17日	2026年8月17日	
/travel-guide/hotels/access/		2026-06-16		2026年6月16日	2026年6月16日	
/travel-guide/hotels/ambassador-hotel/		2026-06-17		2026年6月17日	2026年6月17日	
/travel-guide/hotels/bayhotel-urayasu/		2026-06-17		2026年6月17日	2026年6月17日	
/travel-guide/hotels/brighton-tokyo-bay/		2026-06-17		2026年6月17日	2026年6月17日	
/travel-guide/hotels/budget/		2026-06-16		2026年6月16日	2026年6月16日	
/travel-guide/hotels/celebration-discover/		2026-06-17		2026年6月17日	2026年6月17日	
/travel-guide/hotels/celebration-wish/		2026-06-17		2026年6月17日	2026年6月17日	
/travel-guide/hotels/comfort-suites-tokyo-bay/		2026-06-17		2026年6月17日	2026年6月17日	
/travel-guide/hotels/cvs-bay-hotel/		2026-06-27		2026年6月27日	2026年6月27日	
/travel-guide/hotels/dreamgate-maihama/		2026-06-17		2026年6月17日	2026年6月17日	
/travel-guide/hotels/emion-tokyo-bay/		2026-06-17		2026年6月17日	2026年6月17日	
/travel-guide/hotels/eurasia-annex/		2026-06-17		2026年6月17日	2026年6月17日	
/travel-guide/hotels/facilities/		2026-08-16		2026年8月16日	2026年8月16日	
/travel-guide/hotels/fantasy-springs-hotel/		2026-06-17		2026年6月17日	2026年6月17日	
/travel-guide/hotels/flexstay-shin-urayasu/		2026-06-17		2026年6月17日	2026年6月17日	
/travel-guide/hotels/four-stories-hotel/		2026-06-17		2026年6月17日	2026年6月17日	
/travel-guide/hotels/grand-monday-resort-maihama/		2026-07-06		2026年7月6日	2026年7月6日	
/travel-guide/hotels/grand-nikko-tokyo-bay/		2026-06-17		2026年6月17日	2026年6月17日	
/travel-guide/hotels/happy-entry/		2026-07-06		2026年7月6日	2026年7月6日	
/travel-guide/hotels/henna-hotel-maihama/		2026-06-17		2026年6月17日	2026年6月17日	
/travel-guide/hotels/hilton-tokyo-bay/		2026-06-16		2026年6月16日	2026年6月16日	
/travel-guide/hotels/hiyori-hotel-maihama/		2026-06-17		2026年6月17日	2026年6月17日	
/travel-guide/hotels/hoshinoresorts-1955-tokyo-bay/		2026-06-17		2026年6月17日	2026年6月17日	
/travel-guide/hotels/hotel-daigo-urayasu/		2026-06-17		2026年6月17日	2026年6月17日	
/travel-guide/hotels/hotel-ilfiore-kasai-annex/		2026-06-27		2026年6月27日	2026年6月27日	
/travel-guide/hotels/hotel-ilfiore-kasai/		2026-06-27		2026年6月27日	2026年6月27日	
/travel-guide/hotels/hotel-lumiere-kasai/		2026-06-27		2026年6月27日	2026年6月27日	
/travel-guide/hotels/hotel-okura-tokyo-bay/		2026-06-17		2026年6月17日	2026年6月17日	
/travel-guide/hotels/hotel-seaside-edogawa/		2026-06-27		2026年6月27日	2026年6月27日	
/travel-guide/hotels/hyatt-regency-tokyo-bay/		2026-06-17		2026年6月17日	2026年6月17日	
/travel-guide/hotels/ibis-styles-tokyo-bay/		2026-06-17		2026年6月17日	2026年6月17日	
/travel-guide/hotels/kids/		2026-06-16		2026年6月16日	2026年6月16日	
/travel-guide/hotels/lagent-tokyo-bay/		2026-06-17		2026年6月17日	2026年6月17日	
/travel-guide/hotels/livemax-kasai-ekimae/		2026-06-27		2026年6月27日	2026年6月27日	
/travel-guide/hotels/maihama-eurasia/		2026-06-17		2026年6月17日	2026年6月17日	
/travel-guide/hotels/maihama-hotel-first-resort/		2026-06-17		2026年6月17日	2026年6月17日	
/travel-guide/hotels/maihama-view-hotel/		2026-06-17		2026年6月17日	2026年6月17日	
/travel-guide/hotels/miracosta/		2026-06-17		2026年6月17日	2026年6月17日	
/travel-guide/hotels/mitsui-garden-prana/		2026-06-16		2026年6月16日	2026年6月16日	
/travel-guide/hotels/mystays-maihama/		2026-06-17		2026年6月17日	2026年6月17日	
/travel-guide/hotels/mystays-shin-urayasu/		2026-06-17		2026年6月17日	2026年6月17日	
/travel-guide/hotels/oriental-tokyo-bay/		2026-06-17		2026年6月17日	2026年6月17日	
/travel-guide/hotels/premium-monday-maihama-view-1/		2026-06-27		2026年6月27日	2026年6月27日	
/travel-guide/hotels/royal-park-maihama/		2026-06-17		2026年6月17日	2026年6月17日	
/travel-guide/hotels/sheraton-grande-tokyo-bay/		2026-06-17		2026年6月17日	2026年6月17日	
/travel-guide/hotels/shuttle/		2026-07-06		2026年7月6日	2026年7月6日	
/travel-guide/hotels/superhotel-myoden/		2026-06-27		2026年6月27日	2026年6月27日	
/travel-guide/hotels/tdl-hotel/		2026-06-17		2026年6月17日	2026年6月17日	
/travel-guide/hotels/toy-story-hotel/		2026-06-17		2026年6月17日	2026年6月17日	
/travel-guide/hotels/types/		2026-06-30		2026年6月30日	2026年6月30日	
/travel-guide/hotels/urayasu-sun-hotel/		2026-06-17		2026年6月17日	2026年6月17日	
/travel-guide/hotels/viewfort-urayasu/		2026-06-17		2026年6月17日	2026年6月17日	
/travel-guide/hotels/where-to-stay/		2026-08-16		2026年8月16日	2026年8月16日	
/travel-guide/ic-card-payment/		2026-08-17		2026年8月17日	2026年8月17日	
/travel-guide/kasai-rinkai-park/		2026-07-07		2026年7月7日	2026年7月7日	
/travel-guide/kids-emergency/		2026-07-06		2026年7月6日	2026年7月6日	
/travel-guide/luggage-airport/		2026-08-16		2026年8月16日	2026年8月16日	
/travel-guide/luggage-howto/		2026-07-22		2026年7月22日	2026年7月22日	
/travel-guide/luggage/		2026-07-21		2026年7月21日	2026年7月21日	
/travel-guide/maihama-eurasia-spa/		2026-07-07		2026年7月7日	2026年7月7日	
/travel-guide/maihama-halloween/		2026-08-30		2026年8月30日	2026年8月30日	
/travel-guide/rainy-day/		2026-08-17		2026年8月17日	2026年8月17日	
/travel-guide/teamlab-planets/		2026-07-07		2026年7月7日	2026年7月7日	
/travel-guide/tokyo-sightseeing-access/		2026-07-07		2026年7月7日	2026年7月7日	
/travel-guide/urayasu-gourmet-souvenir-guide/		2026-06-18		2026年6月18日	2026年6月18日	
/travel-guide/urayasu-maihama-access-guide/		2026-06-18		2026年6月18日	2026年6月18日	
/travel-guide/urayasu-maihama-shinurayasu-tourism/		2026-06-18		2026年6月18日	2026年6月18日	
/travel-guide/urayasu-map/		2026-07-09		2026年7月9日	2026年7月9日	
/travel-guide/urayasu-taxi-airport-flat-rate-guide/		2026-06-19		2026年6月19日	2026年6月19日	
/travel-guide/urayasu-traffic-park/		2026-07-07		2026年7月7日	2026年7月7日	
/zh-tw/travel-guide/disney-tickets/		2026-07-06		2026年7月6日	2026年7月6日	
/zh-tw/travel-guide/family-packing/		2026-08-17		2026年8月17日	2026年8月17日	
/zh-tw/travel-guide/hotels/access/		2026-06-30		2026年6月30日	2026年6月30日	
/zh-tw/travel-guide/hotels/ambassador-hotel/		2026-06-17		2026年6月17日	2026年6月17日	
/zh-tw/travel-guide/hotels/bayhotel-urayasu/		2026-06-17		2026年6月17日	2026年6月17日	
/zh-tw/travel-guide/hotels/brighton-tokyo-bay/		2026-06-17		2026年6月17日	2026年6月17日	
/zh-tw/travel-guide/hotels/budget/		2026-06-30		2026年6月30日	2026年6月30日	
/zh-tw/travel-guide/hotels/celebration-discover/		2026-06-17		2026年6月17日	2026年6月17日	
/zh-tw/travel-guide/hotels/celebration-wish/		2026-06-17		2026年6月17日	2026年6月17日	
/zh-tw/travel-guide/hotels/comfort-suites-tokyo-bay/		2026-06-17		2026年6月17日	2026年6月17日	
/zh-tw/travel-guide/hotels/cvs-bay-hotel/		2026-06-27		2026年6月27日	2026年6月27日	
/zh-tw/travel-guide/hotels/dreamgate-maihama/		2026-06-17		2026年6月17日	2026年6月17日	
/zh-tw/travel-guide/hotels/emion-tokyo-bay/		2026-06-17		2026年6月17日	2026年6月17日	
/zh-tw/travel-guide/hotels/eurasia-annex/		2026-06-17		2026年6月17日	2026年6月17日	
/zh-tw/travel-guide/hotels/fantasy-springs-hotel/		2026-06-17		2026年6月17日	2026年6月17日	
/zh-tw/travel-guide/hotels/flexstay-shin-urayasu/		2026-06-17		2026年6月17日	2026年6月17日	
/zh-tw/travel-guide/hotels/four-stories-hotel/		2026-06-17		2026年6月17日	2026年6月17日	
/zh-tw/travel-guide/hotels/grand-monday-resort-maihama/		2026-07-06		2026年7月6日	2026年7月6日	
/zh-tw/travel-guide/hotels/grand-nikko-tokyo-bay/		2026-06-17		2026年6月17日	2026年6月17日	
/zh-tw/travel-guide/hotels/happy-entry/		2026-07-06		2026年7月6日	2026年7月6日	
/zh-tw/travel-guide/hotels/henna-hotel-maihama/		2026-06-17		2026年6月17日	2026年6月17日	
/zh-tw/travel-guide/hotels/hilton-tokyo-bay/		2026-06-17		2026年6月17日	2026年6月17日	
/zh-tw/travel-guide/hotels/hiyori-hotel-maihama/		2026-06-17		2026年6月17日	2026年6月17日	
/zh-tw/travel-guide/hotels/hoshinoresorts-1955-tokyo-bay/		2026-06-17		2026年6月17日	2026年6月17日	
/zh-tw/travel-guide/hotels/hotel-daigo-urayasu/		2026-06-17		2026年6月17日	2026年6月17日	
/zh-tw/travel-guide/hotels/hotel-ilfiore-kasai-annex/		2026-06-27		2026年6月27日	2026年6月27日	
/zh-tw/travel-guide/hotels/hotel-ilfiore-kasai/		2026-06-27		2026年6月27日	2026年6月27日	
/zh-tw/travel-guide/hotels/hotel-lumiere-kasai/		2026-06-27		2026年6月27日	2026年6月27日	
/zh-tw/travel-guide/hotels/hotel-okura-tokyo-bay/		2026-06-17		2026年6月17日	2026年6月17日	
/zh-tw/travel-guide/hotels/hotel-seaside-edogawa/		2026-06-27		2026年6月27日	2026年6月27日	
/zh-tw/travel-guide/hotels/hyatt-regency-tokyo-bay/		2026-06-17		2026年6月17日	2026年6月17日	
/zh-tw/travel-guide/hotels/ibis-styles-tokyo-bay/		2026-06-17		2026年6月17日	2026年6月17日	
/zh-tw/travel-guide/hotels/kids/		2026-06-30		2026年6月30日	2026年6月30日	
/zh-tw/travel-guide/hotels/lagent-tokyo-bay/		2026-06-17		2026年6月17日	2026年6月17日	
/zh-tw/travel-guide/hotels/livemax-kasai-ekimae/		2026-06-27		2026年6月27日	2026年6月27日	
/zh-tw/travel-guide/hotels/maihama-eurasia/		2026-06-17		2026年6月17日	2026年6月17日	
/zh-tw/travel-guide/hotels/maihama-hotel-first-resort/		2026-06-17		2026年6月17日	2026年6月17日	
/zh-tw/travel-guide/hotels/maihama-view-hotel/		2026-06-17		2026年6月17日	2026年6月17日	
/zh-tw/travel-guide/hotels/miracosta/		2026-06-17		2026年6月17日	2026年6月17日	
/zh-tw/travel-guide/hotels/mitsui-garden-prana/		2026-06-17		2026年6月17日	2026年6月17日	
/zh-tw/travel-guide/hotels/mystays-maihama/		2026-06-17		2026年6月17日	2026年6月17日	
/zh-tw/travel-guide/hotels/mystays-shin-urayasu/		2026-06-17		2026年6月17日	2026年6月17日	
/zh-tw/travel-guide/hotels/near-disneysea/		2026-09-13		2026年9月13日	2026年9月13日	
/zh-tw/travel-guide/hotels/oriental-tokyo-bay/		2026-06-17		2026年6月17日	2026年6月17日	
/zh-tw/travel-guide/hotels/premium-monday-maihama-view-1/		2026-06-27		2026年6月27日	2026年6月27日	
/zh-tw/travel-guide/hotels/royal-park-maihama/		2026-06-17		2026年6月17日	2026年6月17日	
/zh-tw/travel-guide/hotels/sheraton-grande-tokyo-bay/		2026-06-17		2026年6月17日	2026年6月17日	
/zh-tw/travel-guide/hotels/shuttle/		2026-07-06		2026年7月6日	2026年7月6日	
/zh-tw/travel-guide/hotels/superhotel-myoden/		2026-06-27		2026年6月27日	2026年6月27日	
/zh-tw/travel-guide/hotels/tdl-hotel/		2026-06-17		2026年6月17日	2026年6月17日	
/zh-tw/travel-guide/hotels/toy-story-hotel/		2026-06-17		2026年6月17日	2026年6月17日	
/zh-tw/travel-guide/hotels/types/		2026-06-30		2026年6月30日	2026年6月30日	
/zh-tw/travel-guide/hotels/urayasu-sun-hotel/		2026-06-17		2026年6月17日	2026年6月17日	
/zh-tw/travel-guide/hotels/viewfort-urayasu/		2026-06-17		2026年6月17日	2026年6月17日	
/zh-tw/travel-guide/hotels/where-to-stay/		2026-08-16		2026年8月16日	2026年8月16日	
/zh-tw/travel-guide/ic-card-payment/		2026-08-17		2026年8月17日	2026年8月17日	
/zh-tw/travel-guide/kasai-rinkai-park/		2026-07-07		2026年7月7日	2026年7月7日	
/zh-tw/travel-guide/kids-emergency/		2026-07-06		2026年7月6日	2026年7月6日	
/zh-tw/travel-guide/luggage-airport/		2026-08-16		2026年8月16日	2026年8月16日	
/zh-tw/travel-guide/luggage-howto/		2026-07-22		2026年7月22日	2026年7月22日	
/zh-tw/travel-guide/luggage/		2026-07-21		2026年7月21日	2026年7月21日	
/zh-tw/travel-guide/maihama-eurasia-spa/		2026-07-07		2026年7月7日	2026年7月7日	
/zh-tw/travel-guide/maihama-halloween/		2026-08-30		2026年8月30日	2026年8月30日	
/zh-tw/travel-guide/pre-trip-checklist/		2026-07-07		2026年7月7日	2026年7月7日	
/zh-tw/travel-guide/rainy-day/		2026-08-17		2026年8月17日	2026年8月17日	
/zh-tw/travel-guide/shin-urayasu-gourmet/		2026-09-13		2026年9月13日	2026年9月13日	
/zh-tw/travel-guide/teamlab-planets/		2026-07-07		2026年7月7日	2026年7月7日	
/zh-tw/travel-guide/tokyo-sightseeing-access/		2026-07-07		2026年7月7日	2026年7月7日	
/zh-tw/travel-guide/urayasu-gourmet-souvenir-guide/		2026-06-30		2026年6月30日	2026年6月30日	
/zh-tw/travel-guide/urayasu-maihama-access-guide/		2026-06-30		2026年6月30日	2026年6月30日	
/zh-tw/travel-guide/urayasu-maihama-shinurayasu-tourism/		2026-06-30		2026年6月30日	2026年6月30日	
/zh-tw/travel-guide/urayasu-map/		2026-07-09		2026年7月9日	2026年7月9日	
/zh-tw/travel-guide/urayasu-taxi-airport-flat-rate-guide/		2026-06-30		2026年6月30日	2026年6月30日	
/zh-tw/travel-guide/urayasu-traffic-park/		2026-07-07		2026年7月7日	2026年7月7日	
/zh/travel-guide/disney-tickets/		2026-07-06		2026年7月6日	2026年7月6日	
/zh/travel-guide/family-packing/		2026-08-17		2026年8月17日	2026年8月17日	
/zh/travel-guide/hotels/access/		2026-06-30		2026年6月30日	2026年6月30日	
/zh/travel-guide/hotels/ambassador-hotel/		2026-06-17		2026年6月17日	2026年6月17日	
/zh/travel-guide/hotels/bayhotel-urayasu/		2026-06-17		2026年6月17日	2026年6月17日	
/zh/travel-guide/hotels/brighton-tokyo-bay/		2026-06-17		2026年6月17日	2026年6月17日	
/zh/travel-guide/hotels/budget/		2026-06-30		2026年6月30日	2026年6月30日	
/zh/travel-guide/hotels/celebration-discover/		2026-06-17		2026年6月17日	2026年6月17日	
/zh/travel-guide/hotels/celebration-wish/		2026-06-17		2026年6月17日	2026年6月17日	
/zh/travel-guide/hotels/comfort-suites-tokyo-bay/		2026-06-17		2026年6月17日	2026年6月17日	
/zh/travel-guide/hotels/cvs-bay-hotel/		2026-06-27		2026年6月27日	2026年6月27日	
/zh/travel-guide/hotels/dreamgate-maihama/		2026-06-17		2026年6月17日	2026年6月17日	
/zh/travel-guide/hotels/emion-tokyo-bay/		2026-06-17		2026年6月17日	2026年6月17日	
/zh/travel-guide/hotels/eurasia-annex/		2026-06-17		2026年6月17日	2026年6月17日	
/zh/travel-guide/hotels/fantasy-springs-hotel/		2026-06-17		2026年6月17日	2026年6月17日	
/zh/travel-guide/hotels/flexstay-shin-urayasu/		2026-06-17		2026年6月17日	2026年6月17日	
/zh/travel-guide/hotels/four-stories-hotel/		2026-06-17		2026年6月17日	2026年6月17日	
/zh/travel-guide/hotels/grand-monday-resort-maihama/		2026-07-06		2026年7月6日	2026年7月6日	
/zh/travel-guide/hotels/grand-nikko-tokyo-bay/		2026-06-17		2026年6月17日	2026年6月17日	
/zh/travel-guide/hotels/happy-entry/		2026-07-06		2026年7月6日	2026年7月6日	
/zh/travel-guide/hotels/henna-hotel-maihama/		2026-06-17		2026年6月17日	2026年6月17日	
/zh/travel-guide/hotels/hilton-tokyo-bay/		2026-06-17		2026年6月17日	2026年6月17日	
/zh/travel-guide/hotels/hiyori-hotel-maihama/		2026-06-17		2026年6月17日	2026年6月17日	
/zh/travel-guide/hotels/hoshinoresorts-1955-tokyo-bay/		2026-06-17		2026年6月17日	2026年6月17日	
/zh/travel-guide/hotels/hotel-daigo-urayasu/		2026-06-17		2026年6月17日	2026年6月17日	
/zh/travel-guide/hotels/hotel-ilfiore-kasai-annex/		2026-06-27		2026年6月27日	2026年6月27日	
/zh/travel-guide/hotels/hotel-ilfiore-kasai/		2026-06-27		2026年6月27日	2026年6月27日	
/zh/travel-guide/hotels/hotel-lumiere-kasai/		2026-06-27		2026年6月27日	2026年6月27日	
/zh/travel-guide/hotels/hotel-okura-tokyo-bay/		2026-06-17		2026年6月17日	2026年6月17日	
/zh/travel-guide/hotels/hotel-seaside-edogawa/		2026-06-27		2026年6月27日	2026年6月27日	
/zh/travel-guide/hotels/hyatt-regency-tokyo-bay/		2026-06-17		2026年6月17日	2026年6月17日	
/zh/travel-guide/hotels/ibis-styles-tokyo-bay/		2026-06-17		2026年6月17日	2026年6月17日	
/zh/travel-guide/hotels/kids/		2026-06-30		2026年6月30日	2026年6月30日	
/zh/travel-guide/hotels/lagent-tokyo-bay/		2026-06-17		2026年6月17日	2026年6月17日	
/zh/travel-guide/hotels/livemax-kasai-ekimae/		2026-06-27		2026年6月27日	2026年6月27日	
/zh/travel-guide/hotels/maihama-eurasia/		2026-06-17		2026年6月17日	2026年6月17日	
/zh/travel-guide/hotels/maihama-hotel-first-resort/		2026-06-17		2026年6月17日	2026年6月17日	
/zh/travel-guide/hotels/maihama-view-hotel/		2026-06-17		2026年6月17日	2026年6月17日	
/zh/travel-guide/hotels/miracosta/		2026-06-17		2026年6月17日	2026年6月17日	
/zh/travel-guide/hotels/mitsui-garden-prana/		2026-06-17		2026年6月17日	2026年6月17日	
/zh/travel-guide/hotels/mystays-maihama/		2026-06-17		2026年6月17日	2026年6月17日	
/zh/travel-guide/hotels/mystays-shin-urayasu/		2026-06-17		2026年6月17日	2026年6月17日	
/zh/travel-guide/hotels/oriental-tokyo-bay/		2026-06-17		2026年6月17日	2026年6月17日	
/zh/travel-guide/hotels/premium-monday-maihama-view-1/		2026-06-27		2026年6月27日	2026年6月27日	
/zh/travel-guide/hotels/royal-park-maihama/		2026-06-17		2026年6月17日	2026年6月17日	
/zh/travel-guide/hotels/sheraton-grande-tokyo-bay/		2026-06-17		2026年6月17日	2026年6月17日	
/zh/travel-guide/hotels/shuttle/		2026-07-06		2026年7月6日	2026年7月6日	
/zh/travel-guide/hotels/superhotel-myoden/		2026-06-27		2026年6月27日	2026年6月27日	
/zh/travel-guide/hotels/tdl-hotel/		2026-06-17		2026年6月17日	2026年6月17日	
/zh/travel-guide/hotels/toy-story-hotel/		2026-06-17		2026年6月17日	2026年6月17日	
/zh/travel-guide/hotels/types/		2026-06-30		2026年6月30日	2026年6月30日	
/zh/travel-guide/hotels/urayasu-sun-hotel/		2026-06-17		2026年6月17日	2026年6月17日	
/zh/travel-guide/hotels/viewfort-urayasu/		2026-06-17		2026年6月17日	2026年6月17日	
/zh/travel-guide/hotels/where-to-stay/		2026-08-16		2026年8月16日	2026年8月16日	
/zh/travel-guide/ic-card-payment/		2026-08-17		2026年8月17日	2026年8月17日	
/zh/travel-guide/kasai-rinkai-park/		2026-07-07		2026年7月7日	2026年7月7日	
/zh/travel-guide/kids-emergency/		2026-07-06		2026年7月6日	2026年7月6日	
/zh/travel-guide/luggage-airport/		2026-08-16		2026年8月16日	2026年8月16日	
/zh/travel-guide/luggage-howto/		2026-07-22		2026年7月22日	2026年7月22日	
/zh/travel-guide/luggage/		2026-07-21		2026年7月21日	2026年7月21日	
/zh/travel-guide/maihama-eurasia-spa/		2026-07-07		2026年7月7日	2026年7月7日	
/zh/travel-guide/pre-trip-checklist/		2026-07-07		2026年7月7日	2026年7月7日	
/zh/travel-guide/rainy-day/		2026-08-17		2026年8月17日	2026年8月17日	
/zh/travel-guide/teamlab-planets/		2026-07-07		2026年7月7日	2026年7月7日	
/zh/travel-guide/tokyo-sightseeing-access/		2026-07-07		2026年7月7日	2026年7月7日	
/zh/travel-guide/urayasu-gourmet-souvenir-guide/		2026-06-30		2026年6月30日	2026年6月30日	
/zh/travel-guide/urayasu-maihama-access-guide/		2026-06-30		2026年6月30日	2026年6月30日	
/zh/travel-guide/urayasu-maihama-shinurayasu-tourism/		2026-06-30		2026年6月30日	2026年6月30日	
/zh/travel-guide/urayasu-map/		2026-07-09		2026年7月9日	2026年7月9日	
/zh/travel-guide/urayasu-taxi-airport-flat-rate-guide/		2026-06-30		2026年6月30日	2026年6月30日	
/zh/travel-guide/urayasu-traffic-park/		2026-07-07		2026年7月7日	2026年7月7日	
