ターゲット ページ,内部リンク
https://urayasu-portal.com/,1251
https://urayasu-portal.com/about/,1121
https://urayasu-portal.com/en/travel-guide/,880
https://urayasu-portal.com/categories/イベント/,865
https://urayasu-portal.com/life-guide/,862
https://urayasu-portal.com/categories/グルメカフェ/,860
https://urayasu-portal.com/categories/子育て教育/,860
https://urayasu-portal.com/categories/スポーツ/,843
https://urayasu-portal.com/categories/開店閉店/,752
https://urayasu-portal.com/travel-guide/,728
https://urayasu-portal.com/tags/,612
https://urayasu-portal.com/daily/?month=2026-07,553
https://urayasu-portal.com/travel-guide/urayasu-maihama-access-guide/,543
https://urayasu-portal.com/open-close/,442
https://urayasu-portal.com/events/,401
https://urayasu-portal.com/tags/ホテル/,381
https://urayasu-portal.com/tags/ディズニー/,368
https://urayasu-portal.com/tags/新浦安/,343
https://urayasu-portal.com/tags/東京ディズニーリゾート/,342
https://urayasu-portal.com/tags/開店/,342
https://urayasu-portal.com/tags/バルドラール浦安/,340
https://urayasu-portal.com/tags/浦安d-rocks/,333
https://urayasu-portal.com/tags/夏休み/,324
https://urayasu-portal.com/tags/浦安市/,296
https://urayasu-portal.com/tags/ラグビー/,276
https://urayasu-portal.com/tags/舞浜/,273
https://urayasu-portal.com/tags/浦安駅/,240
https://urayasu-portal.com/posts/,152
https://urayasu-portal.com/zh/travel-guide/urayasu-maihama-shinurayasu-tourism/,114
https://urayasu-portal.com/en/travel-guide/urayasu-maihama-shinurayasu-tourism/,107
https://urayasu-portal.com/en/travel-guide/urayasu-taxi-airport-flat-rate-guide/,107
https://urayasu-portal.com/en/travel-guide/urayasu-gourmet-souvenir-guide/,106
https://urayasu-portal.com/en/travel-guide/urayasu-maihama-access-guide/,106
https://urayasu-portal.com/en/,105
https://urayasu-portal.com/en/travel-guide/hotels/,105
https://urayasu-portal.com/en/travel-guide/hotels/access/,103
https://urayasu-portal.com/en/travel-guide/hotels/budget/,102
https://urayasu-portal.com/en/travel-guide/hotels/compare/,101
https://urayasu-portal.com/en/travel-guide/hotels/kids/,101
https://urayasu-portal.com/ko/travel-guide/,94
https://urayasu-portal.com/zh/travel-guide/,94
https://urayasu-portal.com/zh/travel-guide/hotels/access/,94
https://urayasu-portal.com/zh/travel-guide/hotels/budget/,94
https://urayasu-portal.com/zh/travel-guide/hotels/kids/,94
https://urayasu-portal.com/ko/travel-guide/hotels/access/,93
https://urayasu-portal.com/ko/travel-guide/hotels/kids/,93
https://urayasu-portal.com/zh/travel-guide/hotels/compare/,93
https://urayasu-portal.com/ko/travel-guide/hotels/compare/,92
https://urayasu-portal.com/ko/travel-guide/urayasu-gourmet-souvenir-guide/,92
https://urayasu-portal.com/ko/travel-guide/urayasu-maihama-access-guide/,92
https://urayasu-portal.com/ko/travel-guide/urayasu-taxi-airport-flat-rate-guide/,92
https://urayasu-portal.com/zh/travel-guide/urayasu-gourmet-souvenir-guide/,92
https://urayasu-portal.com/zh/travel-guide/urayasu-maihama-access-guide/,92
https://urayasu-portal.com/ko/travel-guide/hotels/budget/,91
https://urayasu-portal.com/en/travel-guide/disney-tickets/,90
https://urayasu-portal.com/en/travel-guide/hotels/shuttle/,90
https://urayasu-portal.com/ko/travel-guide/hotels/happy-entry/,85
https://urayasu-portal.com/zh/travel-guide/hotels/happy-entry/,85
https://urayasu-portal.com/ko/travel-guide/hotels/shuttle/,83
https://urayasu-portal.com/zh/travel-guide/hotels/shuttle/,82
https://urayasu-portal.com/zh/travel-guide/disney-tickets/,80
https://urayasu-portal.com/zh/travel-guide/kids-emergency/,80
https://urayasu-portal.com/zh/travel-guide/hotels/types/,76
https://urayasu-portal.com/ko/travel-guide/hotels/types/,74
https://urayasu-portal.com/en/travel-guide/teamlab-planets/,68
https://urayasu-portal.com/zh/travel-guide/kasai-rinkai-park/,66
https://urayasu-portal.com/zh/travel-guide/maihama-eurasia-spa/,66
https://urayasu-portal.com/zh/travel-guide/urayasu-traffic-park/,65
https://urayasu-portal.com/zh/travel-guide/teamlab-planets/,64
https://urayasu-portal.com/zh/travel-guide/pre-trip-checklist/,63
https://urayasu-portal.com/zh/travel-guide/tokyo-sightseeing-access/,63
https://urayasu-portal.com/posts/nekogo-matsuri-urayasu-2026/,60
https://urayasu-portal.com/posts/ikspiari-club-cpla-open-20260717/,55
https://urayasu-portal.com/travel-guide/urayasu-map/,55
https://urayasu-portal.com/posts/urayasu-atomic-bomb-peace-exhibition-2026/,52
https://urayasu-portal.com/posts/familymart-shinurayasu-mare-open/,49
https://urayasu-portal.com/posts/sushi-yamaguchi-gyotoku-opening-202608/,46
https://urayasu-portal.com/posts/artgrace-alice-gothic-afternoon-tea-2026/,40
https://urayasu-portal.com/posts/urayasu-neighborhood-summer-festivals-2026/,40
https://urayasu-portal.com/posts/yokoyama-daisuke-doyo-concert-20260809/,39
https://urayasu-portal.com/posts/takumi-myoden-seitai-planned-202609/,36
https://urayasu-portal.com/posts/urayasu-home-haircut-service/,33
https://urayasu-portal.com/posts/826aska-urayasu-concert-20260808/,30
https://urayasu-portal.com/posts/artgrace-summer-family-buffet-2026/,26
https://urayasu-portal.com/posts/takumi-shinurayasu-seitai-planned-202610/,26
https://urayasu-portal.com/posts/bardral-tercero-group-stage-first-2026/,25
https://urayasu-portal.com/posts/childcare-support-center-temporary-closure-2026/,25
https://urayasu-portal.com/posts/urayasu-steel-job-fair-20260822/,24
https://urayasu-portal.com/posts/kamio-hagiwara-duo-recital-urayasu-20261003/,23
https://urayasu-portal.com/posts/maihama-first-resort-autumn-sweets-buffet-2026/,23
https://urayasu-portal.com/posts/urayasu-drocks-d-link-20260807/,23
https://urayasu-portal.com/en/travel-guide/hotels/hilton-tokyo-bay/,22
https://urayasu-portal.com/posts/the-golf-base-shinurayasu-open-20260813/,22
https://urayasu-portal.com/en/travel-guide/hotels/comfort-suites-tokyo-bay/,21
https://urayasu-portal.com/en/travel-guide/hotels/dreamgate-maihama/,20
https://urayasu-portal.com/en/travel-guide/hotels/fantasy-springs-hotel/,20
https://urayasu-portal.com/zh/tags/,20
https://urayasu-portal.com/en/travel-guide/hotels/emion-tokyo-bay/,19
https://urayasu-portal.com/en/travel-guide/hotels/sheraton-grande-tokyo-bay/,19
https://urayasu-portal.com/posts/bardral-las-bonitas-sumida-20260801/,19
https://urayasu-portal.com/posts/bardral-tercero-u18-runner-up-2026/,19
https://urayasu-portal.com/posts/daiso-maruesu-gyotoku-close/,19
https://urayasu-portal.com/posts/hakurei-match-maihama-events-2026/,19
https://urayasu-portal.com/zh/travel-guide/hotels/fantasy-springs-hotel/,19
https://urayasu-portal.com/zh/travel-guide/hotels/hilton-tokyo-bay/,19
https://urayasu-portal.com/ko/travel-guide/hotels/fantasy-springs-hotel/,18
https://urayasu-portal.com/posts/gongcha-ikspiari-renewal/,18
https://urayasu-portal.com/zh/travel-guide/hotels/comfort-suites-tokyo-bay/,18
https://urayasu-portal.com/zh/travel-guide/hotels/emion-tokyo-bay/,18
https://urayasu-portal.com/zh/travel-guide/hotels/grand-nikko-tokyo-bay/,18
https://urayasu-portal.com/zh/travel-guide/hotels/hoshinoresorts-1955-tokyo-bay/,18
https://urayasu-portal.com/zh/travel-guide/hotels/sheraton-grande-tokyo-bay/,18
https://urayasu-portal.com/zh/travel-guide/hotels/tdl-hotel/,18
https://urayasu-portal.com/zh/travel-guide/hotels/toy-story-hotel/,18
https://urayasu-portal.com/ko/travel-guide/hotels/comfort-suites-tokyo-bay/,17
https://urayasu-portal.com/ko/travel-guide/hotels/grand-nikko-tokyo-bay/,17
https://urayasu-portal.com/ko/travel-guide/hotels/hilton-tokyo-bay/,17
https://urayasu-portal.com/ko/travel-guide/hotels/hoshinoresorts-1955-tokyo-bay/,17
https://urayasu-portal.com/ko/travel-guide/hotels/tdl-hotel/,17
https://urayasu-portal.com/ko/travel-guide/hotels/toy-story-hotel/,17
https://urayasu-portal.com/posts/miake-river-oyster-shell-impact/,17
https://urayasu-portal.com/zh/travel-guide/hotels/dreamgate-maihama/,17
https://urayasu-portal.com/zh/travel-guide/hotels/hotel-okura-tokyo-bay/,17
https://urayasu-portal.com/zh/travel-guide/hotels/mitsui-garden-prana/,17
https://urayasu-portal.com/zh/travel-guide/hotels/oriental-tokyo-bay/,17
https://urayasu-portal.com/en/travel-guide/hotels/miracosta/,16
https://urayasu-portal.com/ko/travel-guide/hotels/ambassador-hotel/,16
https://urayasu-portal.com/ko/travel-guide/hotels/dreamgate-maihama/,16
https://urayasu-portal.com/ko/travel-guide/hotels/emion-tokyo-bay/,16
https://urayasu-portal.com/posts/malatang-tenpo-newcoast-shinurayasu-open/,16
https://urayasu-portal.com/posts/urayasu-dpark-summer-open-2026/,16
https://urayasu-portal.com/posts/urayasu-peace-gathering-2026/,16
https://urayasu-portal.com/zh/travel-guide/hotels/hotel-daigo-urayasu/,16
https://urayasu-portal.com/zh/travel-guide/hotels/lagent-tokyo-bay/,16
https://urayasu-portal.com/zh/travel-guide/hotels/mystays-maihama/,16
https://urayasu-portal.com/zh/travel-guide/hotels/mystays-shin-urayasu/,16
https://urayasu-portal.com/ko/travel-guide/hotels/hotel-daigo-urayasu/,15
https://urayasu-portal.com/ko/travel-guide/hotels/hotel-lumiere-kasai/,15
https://urayasu-portal.com/ko/travel-guide/hotels/hotel-okura-tokyo-bay/,15
https://urayasu-portal.com/ko/travel-guide/hotels/lagent-tokyo-bay/,15
https://urayasu-portal.com/ko/travel-guide/hotels/mitsui-garden-prana/,15
https://urayasu-portal.com/ko/travel-guide/hotels/mystays-shin-urayasu/,15
https://urayasu-portal.com/ko/travel-guide/hotels/oriental-tokyo-bay/,15
https://urayasu-portal.com/ko/travel-guide/hotels/premium-monday-maihama-view-1/,15
https://urayasu-portal.com/posts/brighton-cache-cache-obon-buffet-2026/,15
https://urayasu-portal.com/posts/maruetsu-gyotoku-close-2026/,15
https://urayasu-portal.com/posts/revoist-urayasu-horie-open-202608/,15
https://urayasu-portal.com/posts/shinurayasu-station-festival-performers-2026/,15
https://urayasu-portal.com/posts/urakko-handheld-fireworks-2026/,15
https://urayasu-portal.com/posts/urayasu-cemetery-shuttle-bus-202608/,15
https://urayasu-portal.com/zh/travel-guide/hotels/bayhotel-urayasu/,15
https://urayasu-portal.com/zh/travel-guide/hotels/four-stories-hotel/,15
https://urayasu-portal.com/zh/travel-guide/hotels/henna-hotel-maihama/,15
https://urayasu-portal.com/zh/travel-guide/hotels/maihama-hotel-first-resort/,15
https://urayasu-portal.com/zh/travel-guide/hotels/maihama-view-hotel/,15
https://urayasu-portal.com/zh/travel-guide/hotels/miracosta/,15
https://urayasu-portal.com/zh/travel-guide/hotels/premium-monday-maihama-view-1/,15
https://urayasu-portal.com/daily/?month=2026-08,14
https://urayasu-portal.com/ko/travel-guide/hotels/bayhotel-urayasu/,14
https://urayasu-portal.com/ko/travel-guide/hotels/four-stories-hotel/,14
https://urayasu-portal.com/ko/travel-guide/hotels/henna-hotel-maihama/,14
https://urayasu-portal.com/ko/travel-guide/hotels/livemax-kasai-ekimae/,14
https://urayasu-portal.com/ko/travel-guide/hotels/miracosta/,14
https://urayasu-portal.com/ko/travel-guide/hotels/mystays-maihama/,14
https://urayasu-portal.com/posts/takasu-yoga-pilates-bluva-open/,14
https://urayasu-portal.com/posts/tokyo-bay-maihama-hotel-hokkaido-buffet-2026/,14
https://urayasu-portal.com/zh/travel-guide/hotels/brighton-tokyo-bay/,14
https://urayasu-portal.com/zh/travel-guide/hotels/celebration-wish/,14
https://urayasu-portal.com/zh/travel-guide/hotels/flexstay-shin-urayasu/,14
https://urayasu-portal.com/zh/travel-guide/hotels/hotel-ilfiore-kasai/,14
https://urayasu-portal.com/zh/travel-guide/hotels/hotel-lumiere-kasai/,14
https://urayasu-portal.com/zh/travel-guide/hotels/ibis-styles-tokyo-bay/,14
https://urayasu-portal.com/zh/travel-guide/hotels/livemax-kasai-ekimae/,14
https://urayasu-portal.com/zh/travel-guide/hotels/royal-park-maihama/,14
https://urayasu-portal.com/zh/travel-guide/hotels/urayasu-sun-hotel/,14
https://urayasu-portal.com/zh/travel-guide/hotels/viewfort-urayasu/,14
https://urayasu-portal.com/en/travel-guide/hotels/grand-monday-resort-maihama/,13
https://urayasu-portal.com/ko/travel-guide/hotels/celebration-wish/,13
https://urayasu-portal.com/ko/travel-guide/hotels/flexstay-shin-urayasu/,13
https://urayasu-portal.com/ko/travel-guide/hotels/ibis-styles-tokyo-bay/,13
https://urayasu-portal.com/ko/travel-guide/hotels/maihama-hotel-first-resort/,13
https://urayasu-portal.com/ko/travel-guide/hotels/maihama-view-hotel/,13
https://urayasu-portal.com/ko/travel-guide/hotels/urayasu-sun-hotel/,13
https://urayasu-portal.com/ko/travel-guide/hotels/viewfort-urayasu/,13
https://urayasu-portal.com/posts/bardral-las-bonitas-fukui-maruoka-20260725/,13
https://urayasu-portal.com/posts/ikspiari-splash-challenge-2026/,13
https://urayasu-portal.com/posts/ikspiari-sugary-open-2026/,13
https://urayasu-portal.com/zh/travel-guide/hotels/celebration-discover/,13
https://urayasu-portal.com/zh/travel-guide/hotels/grand-monday-resort-maihama/,13
https://urayasu-portal.com/zh/travel-guide/hotels/hiyori-hotel-maihama/,13
https://urayasu-portal.com/ko/travel-guide/hotels/brighton-tokyo-bay/,12
https://urayasu-portal.com/ko/travel-guide/hotels/celebration-discover/,12
https://urayasu-portal.com/ko/travel-guide/hotels/hiyori-hotel-maihama/,12
https://urayasu-portal.com/ko/travel-guide/hotels/hotel-ilfiore-kasai/,12
https://urayasu-portal.com/ko/travel-guide/hotels/hyatt-regency-tokyo-bay/,12
https://urayasu-portal.com/ko/travel-guide/hotels/royal-park-maihama/,12
https://urayasu-portal.com/posts/ikspiari-limited-shops-202608/,12
https://urayasu-portal.com/posts/newcoast-shinurayasu-kodomo-ennichi-2026/,12
https://urayasu-portal.com/zh/travel-guide/hotels/maihama-eurasia/,12
https://urayasu-portal.com/ko/travel-guide/hotels/eurasia-annex/,11
https://urayasu-portal.com/ko/travel-guide/hotels/hotel-ilfiore-kasai-annex/,11
https://urayasu-portal.com/ko/travel-guide/hotels/superhotel-myoden/,11
https://urayasu-portal.com/posts/bardral-urayasu-shinagawa-20260803/,11
https://urayasu-portal.com/posts/briobecca-emperors-cup-tochigi-2026/,11
https://urayasu-portal.com/posts/gyotoku-turkish-restaurant-saray-open/,11
https://urayasu-portal.com/posts/sakaigawa-kawamachi-marche-sunset-2026/,11
https://urayasu-portal.com/posts/urayasu-jichikai-study-space-2026/,11
https://urayasu-portal.com/zh/travel-guide/hotels/hotel-seaside-edogawa/,11
https://urayasu-portal.com/zh/travel-guide/hotels/superhotel-myoden/,11
https://urayasu-portal.com/ko/travel-guide/hotels/hotel-seaside-edogawa/,10
https://urayasu-portal.com/posts/atre-shinurayasu-boulmich-temporary-closure/,10
https://urayasu-portal.com/posts/urayasu-koseki-furigana-registration/,10
https://urayasu-portal.com/ko/travel-guide/hotels/cvs-bay-hotel/,9
https://urayasu-portal.com/posts/ambassador-hotel-tropical-summer-festival-2026/,9
https://urayasu-portal.com/posts/bardral-urayasu-machida-draw-20260726/,9
https://urayasu-portal.com/posts/ikspiari-miyakojima-sea-workshop-2026/,9
https://urayasu-portal.com/posts/urayasu-hayashi-satokagura-workshop-20260823/,9
https://urayasu-portal.com/posts/urayasu-medical-care-preparation-seminar-20260826/,9
https://urayasu-portal.com/zh/travel-guide/hotels/hotel-ilfiore-kasai-annex/,9
https://urayasu-portal.com/posts/shinurayasu-station-south-exit-redevelopment-plan/,8
https://urayasu-portal.com/en/travel-guide/hotels/large-public-bath/,7
https://urayasu-portal.com/posts/seria-sundrug-gyotoku-open/,7
https://urayasu-portal.com/posts/urayasu-omocha-yuenchi-2026/,7
https://urayasu-portal.com/zh/tags/官方酒店/,7
https://urayasu-portal.com/posts/brighton-hotel-treasure-hunt-2026/,6
https://urayasu-portal.com/posts/caps-clinic-ichikawa-myoden-open/,6
https://urayasu-portal.com/posts/urayasu-city-marathon-shop-recruitment-2027/,6
https://urayasu-portal.com/posts/horn-onecoin-concert-20260808/,5
https://urayasu-portal.com/posts/hotel-okura-summer-night-dinner-2026/,5
https://urayasu-portal.com/posts/nisyakugosun-urayasuekimae/,5
https://urayasu-portal.com/posts/イクスピアリに韓国料理ベジゴーが登場108/,4
https://urayasu-portal.com/posts/イクスピアリ25周年リニューアル-ディズニースト/,4
https://urayasu-portal.com/posts/ザ-ロイヤルパークホテル舞浜リゾート東京ベイ2026/,4
https://urayasu-portal.com/posts/フェリシモのワンピースショップがイクスピアリ/,4
https://urayasu-portal.com/posts/ワイズマートディスカ浦安弁天店が6月23日より/,4
https://urayasu-portal.com/posts/一風堂イクスピアリ店-6月27日リニューアルオープ/,4
https://urayasu-portal.com/posts/浦安地元愛から生まれたクラフトビールウ/,4
https://urayasu-portal.com/posts/浦安市うらやすの仲間たち第2回アンサン/,4
https://urayasu-portal.com/posts/舞浜イクスピアリ月島もんじゃモヘジ/,4
https://urayasu-portal.com/posts/tsutaya浦安さくら通り店が7月6日で閉店6月14日から閉/,4
https://urayasu-portal.com/posts/urayasu-100en-shoten-gai-11/,4
https://urayasu-portal.com/posts/いちご飴専門店strawberry-fetishがイクスピアリに8月オー/,3
https://urayasu-portal.com/posts/アトレ新浦安popprism-summer海テーマの夏プロモーシ/,3
https://urayasu-portal.com/posts/ドンキホーテ西友行徳店がオープン-行徳エリ/,3
https://urayasu-portal.com/posts/ニューコースト新浦安に精肉専門店肉匠かみむ/,3
https://urayasu-portal.com/posts/中華料理-泰興浦安駅高架下再開発で3月上旬に/,3
https://urayasu-portal.com/posts/事故にあいませんように浦安市の保育園児ら/,3
https://urayasu-portal.com/posts/千葉県議会一般質問で浦安市選出議員が質疑/,3
https://urayasu-portal.com/posts/夏季ジュニア硬式テニススクール開催-浦安市で小/,3
https://urayasu-portal.com/posts/新浦安アトレ新浦安1f食料品ゾーンが7月リニ/,3
https://urayasu-portal.com/posts/東京ディズニーシー-音楽フェス付き1デーパスポー/,3
https://urayasu-portal.com/posts/浦安ローソンストア100浦安当代島店が本日4-30/,3
https://urayasu-portal.com/posts/浦安市ブリオベッカ浦安市川がホームで2-1/,3
https://urayasu-portal.com/posts/浦安市市民活動センターが各種イベント情報を公/,3
https://urayasu-portal.com/posts/浦安市5-45祝ふれあいフェスタ-みどり/,3
https://urayasu-portal.com/posts/浦安市mona新浦安2fにdenbaラウンジ4月25日オープン/,3
https://urayasu-portal.com/posts/浦安西友浦安店が5月31日に一時閉店夏に/,3
https://urayasu-portal.com/posts/浦安駅前に子どもと若者の居場所こども青少/,3
https://urayasu-portal.com/posts/浦安d-rocksd1-d2入替戦への出場が決定-第2戦は5-30夢の/,3
https://urayasu-portal.com/posts/稲庭うどんx丼めし金子半之助がイクスピア/,3
https://urayasu-portal.com/posts/jr新浦安駅前で自転車盗難防止キャンペーン-学生/,3
https://urayasu-portal.com/posts/urayasu-bonodori-fireworks-2026/,3
https://urayasu-portal.com/posts/おとなの習い事-ものづくり会-in-ur望海の街/,2
https://urayasu-portal.com/posts/アトレ新浦安で小学生向け職業体験イベントお/,2
https://urayasu-portal.com/posts/アトレ新浦安でlaq無料体験イベント開催/,2
https://urayasu-portal.com/posts/イオン新浦安で怪談イベント開催予告/,2
https://urayasu-portal.com/posts/イオン新浦安ショッピングセンターにサン/,2
https://urayasu-portal.com/posts/イクスピアリでイクスピアリザセール開/,2
https://urayasu-portal.com/posts/イクスピアリにアサイー専門店sugaryが2026年夏オー/,2
https://urayasu-portal.com/posts/イクスピアリ夏の大バーゲンイクスピアリザ/,2
https://urayasu-portal.com/posts/サイゼリヤ-アトレ新浦安店が営業時間延長-朝10/,2
https://urayasu-portal.com/posts/スマホの広場シニア向けスマホ相談会/,2
https://urayasu-portal.com/posts/ドラッグストアスギ薬局-浦安さくら通り店が5/,2
https://urayasu-portal.com/posts/ラーメン店舎鈴で夏季限定メニュー販売開始/,2
https://urayasu-portal.com/posts/中央武道館がスポーツ事業イベント情報を更新/,2
https://urayasu-portal.com/posts/境川で天の川-七夕イベント開催間近-7月6日7日実/,2
https://urayasu-portal.com/posts/夏季プールgrand-bleuが運営開始/,2
https://urayasu-portal.com/posts/市立保育園-夏期臨時保育サポーター募集/,2
https://urayasu-portal.com/posts/星野リゾート1955東京ベイが1周年記念イベント発表/,2
https://urayasu-portal.com/posts/浦安マクドナルド新浦安明海店が明海5丁目に/,2
https://urayasu-portal.com/posts/浦安ユースオーケストラがイオン新浦安でのハッ/,2
https://urayasu-portal.com/posts/浦安リンツ-ショコラ-ブティックが北栄エリア/,2
https://urayasu-portal.com/posts/浦安乗合屋形船6月8日開催夜景と旬の味覚を/,2
https://urayasu-portal.com/posts/浦安堀江の久助稲荷神社で大祭5月23日24日/,2
https://urayasu-portal.com/posts/浦安境川にこいのぼり300匹が泳ぐ5月5日まで/,2
https://urayasu-portal.com/posts/浦安市ブリオベッカ浦安市川-5月2日土ホー/,2
https://urayasu-portal.com/posts/浦安市内スーパーでコメ窃盗事件の男を逮捕/,2
https://urayasu-portal.com/posts/浦安市北栄にハンバーガー店perch-dinerが4月21日/,2
https://urayasu-portal.com/posts/浦安市営東野プール2025年夏季営業開始-9月7日まで/,2
https://urayasu-portal.com/posts/浦安市子育て中の保護者向け家庭教育学級/,2
https://urayasu-portal.com/posts/浦安市市民活動センター-大型プリンター復旧/,2
https://urayasu-portal.com/posts/浦安市文化会館で夏休みファミリーコンサート/,2
https://urayasu-portal.com/posts/浦安市浦安シティオーケストラ第65回定期演奏/,2
https://urayasu-portal.com/posts/浦安市浦安子どもミュージカル第20回公演ピ/,2
https://urayasu-portal.com/posts/浦安市浦安駅前に焼肉きんぐが2026年6月下/,2
https://urayasu-portal.com/posts/浦安市第6回清瀧神社こどもまつり5月31日/,2
https://urayasu-portal.com/posts/浦安d-rocks第15節-横浜キヤノンイーグルス戦-15-33で敗/,2
https://urayasu-portal.com/posts/浦安grand-monday-resort-東京ベイ舞浜7月18日グランドオ/,2
https://urayasu-portal.com/posts/肉処-大久保ニューコースト新浦安閉店/,2
https://urayasu-portal.com/posts/行徳行徳街バル2026が4-2324開催35店舗でチケッ/,2
https://urayasu-portal.com/posts/高洲中で避難所運営体験-中学生が仮設トイレ設/,2
https://urayasu-portal.com/posts/タカスポウラヤスチアリーダーズが市長を表敬訪/,1
https://urayasu-portal.com/posts/バーバーショップスタイルvagabondsライブ開催/,1
https://urayasu-portal.com/posts/マッスルゲート東京ベイ大会開催/,1
https://urayasu-portal.com/posts/境川かわまちづくり2025境川で天の川七夕イベ/,1
https://urayasu-portal.com/posts/境川乗船体験/,1
https://urayasu-portal.com/posts/廃食油古着古布の回収7月9日実施へ/,1
https://urayasu-portal.com/posts/新浦安高洲猫実地域包括支援センター運営業/,1
https://urayasu-portal.com/posts/浦安マーケット開催-愛知県南知多町の中学生が/,1
https://urayasu-portal.com/posts/浦安万華郷跡地活用方針が決定/,1
https://urayasu-portal.com/posts/浦安市物価高騰対策給付金申請期限迫る-6月30日/,1
https://urayasu-portal.com/posts/浦安市第28回浦安市民まつりが4-25土26日開催/,1
https://urayasu-portal.com/posts/浦安市舞浜の住宅街で民泊トラブル増加市/,1
https://urayasu-portal.com/posts/男子セブンズデベロップメントスコッド浦安/,1
https://urayasu-portal.com/posts/葛南教育事務所所長が堀江中学校を訪問-学校運/,1
https://urayasu-portal.com/posts/jfl第12節でブリオベッカ浦安市川がレイラック滋/,1