file	date	title	source	type_now	when_curated	type_suggested	mismatch	eventDate	eventDates	category1
20261002-kissa-sakura-urayasu-renewal-2026	2026-10-02	【浦安】北栄の「喫茶さくら」が一時休業　年内リニューアル予定	auto	renewal		temp_close	DIFF			開店・閉店
20261001-ikspiari-sweets-limited-shops-october-2026	2026-10-01	【浦安】イクスピアリに限定スイーツ4店、10月1日から出店	auto	open		open			2026-10-01/2026-10-15|2026-10-01/2026-10-31	開店・閉店
20260930-myoden-cpla-opening-2026	2026-09-30	【妙典】「#C-pla」10月下旬出店予定か　求人で判明	auto	open		open_planned	DIFF			開店・閉店
20260929-ikspiari-saisai-maratan-open-20261019	2026-09-29	【浦安】イクスピアリに菜菜麻辣湯、10月19日オープン	auto	open		open		2026-10-19		開店・閉店
20260929-ikspiari-fint-open-20261022	2026-09-29	【浦安】イクスピアリに「フィント」10月22日オープン	auto	open		open		2026-10-22		開店・閉店
20260929-atre-shinurayasu-yanaka-fukumaru-202610	2026-09-29	【浦安】アトレ新浦安に谷中福丸饅頭、10月1日から限定出店	auto	open		open		2026-10-01/2026-10-07		開店・閉店
20260928-zen-place-pilates-urayasu-open-20261001	2026-09-28	【浦安】zen place pilatesが10月1日オープン	auto	open		open		2026-10-01		開店・閉店
20260928-yakushima-izakaya-temporary-closure	2026-09-28	【浦安】北栄の「居酒屋 屋久島」が臨時休業　再開は改めて案内	auto	renewal		temp_close	DIFF			開店・閉店
20260925-yamazaki-shop-shimamura-close-202609	2026-09-25	【浦安】創業100年超の「ヤマザキショップ島村」が9月末閉店へ	auto	close		close_planned				開店・閉店
20260925-well-pilates-urayasu-open-202611	2026-09-25	【浦安】WELL PILATESが11月出店予定か	auto	open		open_planned	DIFF			開店・閉店
20260924-hokushinzushi-minamigyotoku-open	2026-09-24	【行徳】北辰鮨 南行徳店が9月30日オープン予定	auto	open		open_planned	DIFF	2026-09-30		開店・閉店
20260924-gnome-de-taber-nekozane-relocation	2026-09-24	【浦安】GNOME de TABER・肉じるや5が猫実へ移転	auto	move		move		2026-10-01		開店・閉店
20260922-ikspiari-poeme-popup-2026	2026-09-22	【浦安】イクスピアリに「母恵夢」期間限定出店	auto	open		open		2026-09-28/2026-10-15		開店・閉店
20260921-otakaraya-urayasu-open-202609	2026-09-21	【浦安】当代島に「おたからや浦安店」9月21日オープン	auto	open		open				開店・閉店
20260920-sekachoco-gyotoku-open	2026-09-20	【行徳】「世界一小さいチョコレート工場」出店予定か	auto	open		open_planned	DIFF			開店・閉店
20260919-myoden-magical-bake-opening	2026-09-19	【妙典】「Magical Bake」が10月上旬出店予定か　求人で判明	auto	open		open_planned	DIFF			開店・閉店
20260919-minamigyotoku-koppepan-close-2026	2026-09-19	【行徳】南行徳駅「焼きたてコッペ製パン」が9月27日閉店	auto	close		close		2026-09-27		開店・閉店
20260916-urayasu-conditioning-lab-open	2026-09-16	【浦安】猫実に「浦安コンディショニングラボ」がオープン｜整体×ピラティス	auto	open		open		2026-07-02		開店・閉店
20260914-sundrug-gyotoku-new-store	2026-09-14	【行徳】旧マルエツ跡にサンドラッグ、11月下旬オープン予定	auto	open		open_planned	DIFF			開店・閉店
20260914-jizake-wonderland-muyu-gyotoku-open	2026-09-14	【行徳】「地酒のワンダーランド 夢遊」がオープン	auto	open		open		2026-09-04		開店・閉店
20260914-296-fukurosoba-gyotoku-open	2026-09-14	【行徳】十割そば「296Fukurosoba」が9月10日オープン	auto	open		open		2026-09-10		開店・閉店
20260912-myoden-nail-eyelash-momo-open-202609	2026-09-12	【妙典】Nail&eyelash Momoが9月1日オープン	auto	open		open		2026-09-01		開店・閉店
20260911-neoxia-urayasu-open-20260901	2026-09-11	【浦安】まつげ・ネイルサロン「NEOXIA」がオープン	auto	open		open		2026-09-01		開店・閉店
20260909-minamigyotoku-shoku-toiro-open	2026-09-09	【行徳】南行徳に定食＆BAR「食TOIRO」がオープン	auto	open		open		2026-09-04		開店・閉店
20260904-urayasu-daiso-shops	2026-09-04	【イクスピアリ】ダイソーは閉店していません｜3階で営業中｜浦安市内のダイソー一覧	curated	renewal	2026-02	feature	DIFF			開店・閉店
20260904-ikspiari-nanas-green-tea-reopen-2026	2026-09-04	【浦安】ナナズグリーンティーが9月18日営業再開	auto	renewal		reopen	DIFF	2026-09-18		開店・閉店
20260903-ikspiari-tsukemen-tetsu-open-2026	2026-09-03	【浦安】イクスピアリに「つけめんTETSU」9月17日オープン	auto	open		open		2026-09-17		開店・閉店
20260829-the-golf-base-shinurayasu-open	2026-08-29	【浦安】海楽に「THE GOLF BASE 新浦安レンジ」オープン	auto	open		open		2026-08-13		開店・閉店
20260829-taimu-urayasu-closed	2026-08-29	【浦安】西友浦安1階のたい焼き店「たい夢」が閉店	auto	close		close				開店・閉店
20260828-papabubble-maihama-new-store-2026	2026-08-28	【浦安】舞浜に「PAPABUBBLE」出店予定か、求人で判明	auto	open		open_planned	DIFF	2026-11-21		開店・閉店
20260827-ikspiari-limited-shops-september-2026	2026-08-27	【浦安】イクスピアリに期間限定5店、9月1日から	auto	open		open			2026-09-01/2026-09-17|2026-09-01/2026-09-30|2026-09-01/2026-09-15|2026-09-01/2026-09-15|2026-09-01/2026-09-30	開店・閉店
20260827-d-nest-shin-urayasu-open	2026-08-27	【浦安】新浦安駅前に設計者専用「D-NEST」9月開業	auto	open		open		2026-09-01		開店・閉店
20260827-atre-shin-urayasu-handmade-gardens-2026	2026-08-27	【浦安】アトレ新浦安に「ハンドメイドガーデンズ」期間限定出店	auto	open		open		2026-09-02/2026-09-13		開店・閉店
20260821-urayasu-zaitaku-neuro-clinic-open	2026-08-21	【新浦安】浦安在宅神経内科クリニック、9月1日開院	auto	open		open		2026-09-01		開店・閉店
20260818-atre-shinurayasu-sweets-renewal-202609	2026-08-18	【新浦安】アトレ1Fスイーツ売場、9月17日刷新	auto	open		open			2026-09-14|2026-09-17	開店・閉店
20260817-ichikawa-myoden-ogawa-clinic-open	2026-08-17	【妙典】市川妙典おがわ泌尿器科・内科が8月3日開院	auto	open		open		2026-08-03		開店・閉店
20260814-ikspiari-limited-shops-20260817	2026-08-14	【浦安】イクスピアリに期間限定3店、8月17日から	auto	open		open		2026-08-17/2026-08-31		開店・閉店
20260813-eyecity-ichikawa-myoden-open-202609	2026-08-13	【妙典】アイシティ市川妙典店が9月出店予定、求人で判明	auto	open		open_planned	DIFF			開店・閉店
20260813-atre-shinurayasu-kasei-close-20260820	2026-08-13	【新浦安】アトレ「点心・惣菜KASEI」が8月20日閉店	auto	close		close		2026-08-20		開店・閉店
20260812-gyotoku-machinocyuuka-kasumi-open-2026	2026-08-12	【行徳】「町の中華 かすみ」が8月9日オープンとの情報	auto	open		open		2026-08-09		開店・閉店
20260811-gyotoku-ishiguro-sanfujinka-close-2026	2026-08-11	【行徳】石黒産婦人科が7月31日閉院との情報	auto	open		open		2026-07-31		開店・閉店
20260809-nishidaba-minami-gyotoku-open	2026-08-09	【南行徳】駅前に「やきとり にしだ場」がオープン	auto	open		open		2026-08-03		開店・閉店
20260807-wamen-zen-horie-open	2026-08-07	【浦安】堀江にラーメン店「和麺 善」がオープン	auto	open		open		2026-08-07		開店・閉店
20260805-seria-sundrug-gyotoku-open	2026-08-05	【行徳】サンドラッグ行徳店2階にSeria出店予定	auto	open		open_planned	DIFF			開店・閉店
20260804-atre-shinurayasu-boulmich-temporary-closure	2026-08-04	【新浦安】ブールミッシュ、9月1日から一時休業	auto	close		temp_close	DIFF	2026-09-01		開店・閉店
20260803-takasu-yoga-pilates-bluva-open	2026-08-03	【浦安】高洲で少人数制ヨガ・ピラティス「Bluva」が始動	auto	open		open				開店・閉店
20260802-the-golf-base-shinurayasu-open-20260813	2026-08-02	【新浦安】THE GOLF BASEが海楽に8月13日開店	auto	open		open		2026-08-13		開店・閉店
20260802-revoist-urayasu-horie-open-202608	2026-08-02	【浦安】REVOIST浦安堀江店が堀江2丁目に出店	auto	open		open		2026-08-01		開店・閉店
20260801-caps-clinic-ichikawa-myoden-open	2026-08-01	【妙典】キャップスクリニック市川妙典が開院	auto	open		open				開店・閉店
20260731-takumi-myoden-seitai-planned-202609	2026-07-31	【妙典】匠 妙典駅前整体院が9月出店予定か	auto	open		open_planned	DIFF			開店・閉店
20260729-takumi-shinurayasu-seitai-planned-202610	2026-07-29	【新浦安】匠 新浦安駅前整体院が10月出店予定か	auto	open		open_planned	DIFF			開店・閉店
20260729-sushi-yamaguchi-gyotoku-opening-202608	2026-07-29	【行徳】鮨やまぐちが8月8日オープン、営業時間も判明	auto	open		open		2026-08-08		開店・閉店
20260726-ikspiari-limited-shops-202608	2026-07-26	【浦安】イクスピアリに期間限定3店が8月1日登場	auto	open		open		2026-08-01		開店・閉店
20260723-tadokoro-shoten-shinurayasu-planned	2026-07-23	【浦安】鉄鋼通りに「麺場 田所商店 新浦安店」9月下旬オープン予定	auto	open		open_planned	DIFF	2026-09-28		開店・閉店
20260723-pooch-you-coffee-tomioka-open	2026-07-23	【浦安】富岡に「pooch＋you coffee」がオープン	auto	open		open		2026-07-19		開店・閉店
20260722-ikspiari-tokiiro-popup-2026	2026-07-22	【舞浜】イクスピアリに「TokiiRo」が期間限定出店	auto	open		open		2026-07-23		開店・閉店
20260721-osouzai-bovi-horie-open	2026-07-21	【浦安】堀江に「おそうざいボビ」がオープン	auto	open		open		2026-07-16		開店・閉店
20260715-trial-seiyu-urayasu-open	2026-07-15	【浦安】トライアル西友浦安店に注目　千葉県1号店を各メディアが報道	curated	open	2026-07	open		2026-07-10		開店・閉店
20260715-atre-shinurayasu-oimo-motch-open-202609	2026-07-15	【浦安】アトレ新浦安に「OIMO&MOTCH」出店予定か　求人情報で判明	auto	open		open_planned	DIFF	2026-09-17		開店・閉店
20260714-ikspiari-club-cpla-open-20260717	2026-07-14	【浦安】イクスピアリに「CLUB #C-pla」7月17日オープン	auto	open		open		2026-07-17		開店・閉店
20260708-kaitori-daikichi-seiyu-urayasu	2026-07-08	【浦安】西友浦安店に買取大吉が出店予定か	curated	open	2026-07	open_planned	DIFF			開店・閉店
20260707-spalab-urayasu-kairaku-open	2026-07-07	【浦安】海楽にトランクルーム「スペラボ」8月1日オープン予定	curated	open	2026-08	open_planned	DIFF	2026-08-01		開店・閉店
20260705-sagami-mona-shinurayasu-open	2026-07-05	【浦安】MONA新浦安にさが美がオープン	curated	open	2026-07	open		2026-06-12		開店・閉店
20260704-curves-aeon-shinurayasu-open	2026-07-04	【浦安】イオン新浦安にカーブスが開店予定	curated	open	2026-07	open_planned	DIFF	2026-07-21		開店・閉店
20260702-ikspiari-limited-shops-202607	2026-07-02	【舞浜】イクスピアリに期間限定3店舗が登場	curated	open	2026-07	open		2026-07-01		開店・閉店
20260701-mav-urayasu-west-grand-open-stores	2026-07-01	【浦安】M’av浦安WESTが開業 8店舗まとめ	curated	feature	2026-07	feature		2026-06-30		開店・閉店
20260701-ikspiari-sugary-open-date-20260728	2026-07-01	【舞浜】SUGARYの開店日が7月28日に決定	curated	open	2026-07	open		2026-07-28		開店・閉店
20260701-gongcha-ikspiari-renewal	2026-07-01	【イクスピアリ】ゴンチャがリニューアルオープン｜場所は2F・20席	curated	renewal	2026-07	renewal		2026-06-30		開店・閉店
20260627-gyotoku-yakitori-takeout-open	2026-06-27	【行徳】駅近くに焼き鳥店が出店予定か	curated	open	2026-06	open_planned	DIFF			開店・閉店
20260627-familymart-shinurayasu-mare-open	2026-06-27	【新浦安】マーレにファミリーマートが開店	curated	open	2026-06	open				開店・閉店
20260627-atre-shinurayasu-food-renewal-20260709	2026-06-27	【新浦安】アトレ1階が7月9日リニューアル	curated	renewal	2026-07	renewal		2026-07-09		開店・閉店
20260626-kitchen-origin-minami-gyotoku-open	2026-06-26	【行徳】キッチンオリジン南行徳店が新規開店	curated	open	2026-06	open				開店・閉店
20260624-malatang-tenpo-newcoast-shinurayasu-open	2026-06-24	【新浦安】ニューコースト3階に麻辣湯専門店「麻辣湯天宝」オープン	curated	open	2026-07	open				開店・閉店
20260624-daiso-maruesu-gyotoku-close	2026-06-24	【行徳】ダイソーマルエツ行徳店が7月19日閉店へ	curated	close	2026-07	close_planned		2026-07-19		開店・閉店
20260623-the-golf-base-shinurayasu-range-open	2026-06-23	【浦安】海楽にTHE GOLF BASE新浦安レンジが夏開業予定	curated	open	2026-07	open_planned	DIFF			開店・閉店
20260623-nanohana-shokudo-gyotoku-close	2026-06-23	【行徳】なのはな食堂が6月28日閉店へ	curated	close	2026-06	close_planned		2026-06-28		開店・閉店
20260623-bambi-drops-kairaku-open	2026-06-23	【浦安】海楽にBambi DROPSがオープン	curated	open	2026-06	open		2026-06-02		開店・閉店
20260620-mav-urayasu-west-open-2026	2026-06-20	【浦安】M’av浦安WESTが6月30日開業へ	curated	open	2026-06	open		2026-06-30		開店・閉店
20260620-maruetsu-gyotoku-close-2026	2026-06-20	【行徳】マルエツ行徳店が7月19日閉店予定か	curated	close	2026-07	close_planned		2026-07-19		開店・閉店
20260617-gyotoku-turkish-restaurant-saray-open	2026-06-17	【行徳】トルコ料理SARAYがオープンか	curated	open	2026-06	open_planned	DIFF			開店・閉店
20260617-atre-shinurayasu-kurikorean-renewal	2026-06-17	【新浦安】アトレ新浦安の横浜くりこ庵が再開	curated	renewal	2026-06	reopen	DIFF	2026-06-16		開店・閉店
20260614-ikspiari-sugary-open-2026	2026-06-14	【舞浜】イクスピアリにSUGARY出店予定	curated	open	2026-06	open_planned	DIFF			開店・閉店
20260614-eyecarelabo-urayasu-open	2026-06-14	【浦安】アイケアLaBo浦安駅前店がオープン	curated	open	2026-06	open		2026-06-08		開店・閉店
20260613-gyotoku-horumon-shoryuen-open-2026	2026-06-13	【行徳】ホルモン将龍苑が出店予定か	curated	open	2026-06	open_planned	DIFF			開店・閉店
20260609-atre-shin-urayasu-food-renewal-202607	2026-06-09	【新浦安】アトレ新浦安で食品店が7月リニューアルへ	curated	renewal	2026-07	renewal				開店・閉店
20260608-atre-shinurayasu-wagashi-renewal	2026-06-08	【新浦安】アトレ新浦安の和菓子店が改装休業へ	curated	renewal	2026-06	temp_close	DIFF		2026-06-22|2026-06-27	開店・閉店
20260603-bambi-drops-kaigaku	2026-06-03	【浦安市】海楽にテイクアウトカフェ「バンビドロップス」が6/2オープン	curated	open	2026-06	open		2026-06-02		開店・閉店
20260531-urayasu-kourai-closed	2026-06-01	【浦安市】ハマグリ出汁の「浦安そば」が名物の「浦安 幸来」が5月29日に閉店	curated	close	2026-05	close				開店・閉店
urayasu-station-new-open-2026	2026-05-29	【浦安市】浦安駅周辺で続々ニューオープン予定！2026年6〜7月に注目の新店まとめ	curated	feature	2026-06	feature				開店・閉店
2026-05-19-nisyakugosun-urayasuekimae	2026-05-19	【浦安】焼鳥・蕎麦居酒屋「二尺五寸 浦安駅前店」が浦安駅直結にオープン予定	curated	open	2026-05	open_planned	DIFF			開店・閉店
【新浦安】アトレ新浦安1f食料品ゾーンが7月リニ	2026-05-13	【新浦安】アトレ新浦安1F食料品ゾーンが7月リニューアル｜クイーンズ伊勢丹など3店舗が新規オープン	curated	renewal	2026-07	renewal				開店・閉店
【浦安】マーヴ浦安に「ら～めん-きんとうん」が6	2026-05-12	【浦安】マーヴ浦安に「ら～めん きんとうん」が6月末オープン予定か	curated	open	2026-06	open_planned	DIFF			開店・閉店
【浦安】「grand-monday-resort-東京ベイ舞浜」7月18日グランドオ	2026-05-10	【浦安】「GRAND MONday Resort 東京ベイ舞浜」7月18日グランドオープン｜全室オーシャンフロント	curated	open	2026-07	open				開店・閉店
【浦安】西友浦安店が5月31日に一時閉店、夏に「	2026-05-02	【浦安】西友浦安店が5月31日に一時閉店、夏に「トライアル西友」へリニューアル	curated	renewal	2026-05	close	DIFF	2026-05-31		開店・閉店
20260501-big-smile-cafe-urayasu-closed-20260430	2026-05-01	【浦安】当代島の「Big Smile CAFE.」が4月30日閉店、今後はイベント出店へ	auto	close		close_planned		2026-04-30		開店・閉店
【舞浜・イクスピアリ】月島もんじゃ「モヘジ」	2026-04-30	【舞浜・イクスピアリ】月島もんじゃ「モヘジ」が4/28オープン！全国初のカタカナ表記店舗	curated	open	2026-04	open		2026-04-28		開店・閉店
【浦安】ローソンストア100浦安当代島店が本日4-30（	2026-04-30	【浦安】ローソンストア100浦安当代島店が本日4/30（木）をもって閉店	curated	close	2026-04	close		2026-04-30		開店・閉店
【浦安】リンツ-ショコラ-ブティックが北栄エリア	2026-04-30	【浦安】リンツ ショコラ ブティックが北栄エリアに6月オープン予定か	curated	open	2026-06	open_planned	DIFF			開店・閉店
【浦安】ファミリーマート浦安富士見三丁目店が	2026-04-30	【浦安】ファミリーマート浦安富士見三丁目店が本日4/30（木）をもって閉店	curated	close	2026-04	close		2026-04-30		開店・閉店
イクスピアリにアサイー専門店「sugary」が2026年夏オー	2026-04-29	イクスピアリにアサイー専門店「SUGARY」が2026年夏オープン予定【浦安・舞浜】	curated	open	2026-04	open_planned	DIFF			開店・閉店
【浦安】オムライス専門店「yellow-浦安」が2026年6月〜7	2026-04-29	【浦安】オムライス専門店「Yellow 浦安」が2026年6月〜7月オープン予定｜当代島	curated	open	2026-06	open_planned	DIFF			開店・閉店
ドラッグストア「スギ薬局-浦安さくら通り店」が5	2026-04-28	【浦安市】ドラッグストア「スギ薬局 浦安さくら通り店」が5月21日オープン予定【堀江】	curated	open	2026-05	open_planned	DIFF	2026-05-21		開店・閉店
【浦安市】浦安駅前に「焼肉きんぐ」が2026年6月下	2026-04-24	【浦安市】浦安駅前に「焼肉きんぐ」が2026年6月下旬オープン予定	curated	open	2026-06	open_planned	DIFF			開店・閉店
【浦安市】mona新浦安2fにdenbaラウンジ4月25日オープン｜	2026-04-24	【浦安市】MONA新浦安2FにDENBAラウンジ4月25日オープン｜リラクゼーション体験スペース	curated	open	2026-04	open		2026-04-25		開店・閉店
【浦安市】北栄にハンバーガー店「perch-diner」が4月21日	2026-04-22	【浦安市】北栄にハンバーガー店「PERCH DINER」が4月21日オープン	curated	open	2026-04	open		2026-04-21		開店・閉店
稲庭うどんx丼めし「金子半之助」がイクスピア	2026-04-19	稲庭うどん×丼めし「金子半之助」がイクスピアリに！千葉県初出店・4月21日グランドオープン	curated	open	2026-04	open		2026-04-21		グルメ・カフェ
イクスピアリに韓国料理「ベジゴー」が登場！108	2026-04-19	イクスピアリに韓国料理「ベジゴー」が登場！108席の大型店・4月28日オープン	curated	open	2026-04	open		2026-04-28		グルメ・カフェ
【浦安】マクドナルド新浦安明海店が明海5丁目に	2026-04-19	【浦安】マクドナルド新浦安明海店が明海5丁目にオープン予定	curated	open	2026-04	open_planned	DIFF			開店・閉店
「中華料理-泰興」浦安駅高架下再開発で3月上旬に	2026-02-27	「中華料理 泰興」浦安駅高架下再開発で3月上旬に移転予定	curated	move	2026-03	move				開店・閉店
「イオン新浦安ショッピングセンター」にサン	2025-07-05	 「イオン新浦安ショッピングセンター」にサンリオカフェワゴンがオープン	curated	open	2025-07	open				開店・閉店
ニューコースト新浦安に精肉専門店「肉匠かみむ	2025-07-04	ニューコースト新浦安に精肉専門店「肉匠かみむら新浦安店」7月10日オープン	curated	open	2025-07	open				開店・閉店
ザ-ロイヤルパークホテル舞浜リゾート東京ベイ2026	2025-07-04	ザ ロイヤルパークホテル舞浜リゾート東京ベイ2026年2月13日開業決定・予約受付開始	curated	open	2026-02	open				ニュース
ドン・キホーテ西友行徳店がオープン　行徳エリ	2025-07-01	ドン・キホーテ西友行徳店がオープン　行徳エリア2店舗目	curated	open	2025-07	open				開店・閉店
一風堂イクスピアリ店-6月27日リニューアルオープ	2025-06-30	一風堂イクスピアリ店 6月27日リニューアルオープン 店内改装完了	curated	renewal	2025-06	renewal				開店・閉店
イクスピアリ25周年リニューアル-ディズニースト	2025-06-30	イクスピアリ25周年リニューアル ディズニーストア7月6日新装開店	curated	renewal	2025-07	renewal				開店・閉店
フェリシモのワンピースショップがイクスピアリ	2025-06-24	フェリシモのワンピースショップがイクスピアリに7月1日オープン予定を発表	curated	open	2025-07	open_planned	DIFF			開店・閉店
いちご飴専門店「strawberry-fetish」がイクスピアリに8月オー	2025-06-24	いちご飴専門店「Strawberry Fetish」がイクスピアリに8月オープン予定	curated	open	2025-08	open_planned	DIFF			開店・閉店
ワイズマート＊ディスカ浦安弁天店が6月23日より	2025-06-11	ワイズマート＊ディスカ浦安弁天店が6月23日より長期休業	curated	close	2025-06	temp_close	DIFF			開店・閉店
tsutaya浦安さくら通り店が7月6日で閉店、6月14日から閉	2025-06-11	TSUTAYA浦安さくら通り店が7月6日で閉店、6月14日から閉店セール	curated	close	2025-07	close				開店・閉店
肉処-大久保（ニューコースト新浦安）閉店	2025-06-08	肉処 大久保（ニューコースト新浦安）閉店	curated	close	2025-06	close				開店・閉店
