path	title	canonical	robots	hreflang	jsonld	h1
/	浦安ぽーたる｜浦安と周辺エリアのローカル情報メディア	https://urayasu-portal.com/	index, follow	ja=/ en=/en/ zh-Hans=/zh/ zh-Hant-TW=/zh-tw/ ko=/ko/ x-default=/en/	ImageObject,Organization,WebSite	1
/categories/イベント/	イベント | 浦安ぽーたる	https://urayasu-portal.com/categories/%E3%82%A4%E3%83%99%E3%83%B3%E3%83%88/	index, follow	ja=/categories/%E3%82%A4%E3%83%99%E3%83%B3%E3%83%88/		1
/categories/開店閉店/	開店・閉店 | 浦安ぽーたる	https://urayasu-portal.com/categories/%E9%96%8B%E5%BA%97%E9%96%89%E5%BA%97/	index, follow	ja=/categories/%E9%96%8B%E5%BA%97%E9%96%89%E5%BA%97/		1
/en/	Tokyo Disney Resort Area Travel Guide | Urayasu Portal	https://urayasu-portal.com/en/	index, follow	ja=/ en=/en/ zh-Hans=/zh/ zh-Hant-TW=/zh-tw/ ko=/ko/ x-default=/en/	ImageObject,Organization,WebSite	0
/en/travel-guide/	Tokyo Disney Resort Area Travel Guide | Hotels, Access & Sightseeing in Urayasu & Maihama | Urayasu Portal	https://urayasu-portal.com/en/travel-guide/	index, follow	ja=/travel-guide/ en=/en/travel-guide/ zh-Hans=/zh/travel-guide/ zh-Hant-TW=/zh-tw/travel-guide/ ko=/ko/travel-guide/ x-default=/en/travel-guide/	BreadcrumbList,ListItem	1
/en/travel-guide/hotels/	Hotels in Urayasu & Maihama: All 48 near Tokyo Disney Resort | Local Guide | Urayasu Portal	https://urayasu-portal.com/en/travel-guide/hotels/	index, follow	ja=/travel-guide/hotels/ en=/en/travel-guide/hotels/ zh-Hans=/zh/travel-guide/hotels/ zh-Hant-TW=/zh-tw/travel-guide/hotels/ ko=/ko/travel-guide/hotels/ x-default=/en/travel-guide/hotels/	BreadcrumbList,ItemList,ListItem	1
/en/travel-guide/hotels/kids/	Best Family Hotels near Tokyo Disneyland & DisneySea | Kid-Friendly Picks by Locals | Urayasu Portal	https://urayasu-portal.com/en/travel-guide/hotels/kids/	index, follow	ja=/travel-guide/hotels/kids/ en=/en/travel-guide/hotels/kids/ zh-Hans=/zh/travel-guide/hotels/kids/ zh-Hant-TW=/zh-tw/travel-guide/hotels/kids/ ko=/ko/travel-guide/hotels/kids/ x-default=/en/travel-guide/hotels/kids/	Answer,BlogPosting,BreadcrumbList,FAQPage,ImageObject,ListItem,Organization,Question,WebPage	1
/en/travel-guide/hotels/tdl-hotel/	Tokyo Disneyland Hotel | 1-Minute Covered Walkway to TDL, Happy Entry 15 Min, Breakfast from 6:30am — The Prestige TDL Hotel | Urayasu Portal	https://urayasu-portal.com/en/travel-guide/hotels/tdl-hotel/	index, follow	ja=/travel-guide/hotels/tdl-hotel/ en=/en/travel-guide/hotels/tdl-hotel/ zh-Hans=/zh/travel-guide/hotels/tdl-hotel/ zh-Hant-TW=/zh-tw/travel-guide/hotels/tdl-hotel/ ko=/ko/travel-guide/hotels/tdl-hotel/ x-default=/en/travel-guide/hotels/tdl-hotel/	Answer,BlogPosting,BreadcrumbList,FAQPage,ImageObject,ListItem,Organization,Question,WebPage	1
/events/	浦安 イベントカレンダー | 浦安ぽーたる	https://urayasu-portal.com/events/	index, follow	ja=/events/	BlogPosting,BreadcrumbList,ImageObject,ItemList,ListItem,Organization,WebPage	1
/ko/	도쿄 디즈니 리조트 주변 여행 가이드 | Urayasu Portal	https://urayasu-portal.com/ko/	index, follow	ja=/ en=/en/ zh-Hans=/zh/ zh-Hant-TW=/zh-tw/ ko=/ko/ x-default=/en/	ImageObject,Organization,WebSite	0
/ko/travel-guide/	도쿄 디즈니 리조트 주변 여행 가이드 | 우라야스·마이하마의 호텔·교통·관광 | Urayasu Portal	https://urayasu-portal.com/ko/travel-guide/	index, follow	ja=/travel-guide/ en=/en/travel-guide/ zh-Hans=/zh/travel-guide/ zh-Hant-TW=/zh-tw/travel-guide/ ko=/ko/travel-guide/ x-default=/en/travel-guide/	BreadcrumbList,ListItem	1
/ko/travel-guide/hotels/	도쿄 디즈니랜드·디즈니씨 인근 호텔 48곳 전면 비교｜현지 시선 호텔 가이드(우라야스·마이하마) | Urayasu Portal	https://urayasu-portal.com/ko/travel-guide/hotels/	index, follow	ja=/travel-guide/hotels/ en=/en/travel-guide/hotels/ zh-Hans=/zh/travel-guide/hotels/ zh-Hant-TW=/zh-tw/travel-guide/hotels/ ko=/ko/travel-guide/hotels/ x-default=/en/travel-guide/hotels/	BreadcrumbList,ItemList,ListItem	1
/ko/travel-guide/hotels/kids/	도쿄 디즈니 가족 호텔 추천 | 대욕장·넓은 객실·편의점·파크 근접(현지 시선) | Urayasu Portal	https://urayasu-portal.com/ko/travel-guide/hotels/kids/	index, follow	ja=/travel-guide/hotels/kids/ en=/en/travel-guide/hotels/kids/ zh-Hans=/zh/travel-guide/hotels/kids/ zh-Hant-TW=/zh-tw/travel-guide/hotels/kids/ ko=/ko/travel-guide/hotels/kids/ x-default=/en/travel-guide/hotels/kids/	Answer,BlogPosting,BreadcrumbList,FAQPage,ImageObject,ListItem,Organization,Question,WebPage	1
/ko/travel-guide/hotels/tdl-hotel/	도쿄디즈니랜드 호텔 | 지붕 있는 통로로 1분 직결·해피 엔트리 15분 일찍·조식 6:30 시작하는 최상급 디즈니 호텔 | Urayasu Portal	https://urayasu-portal.com/ko/travel-guide/hotels/tdl-hotel/	index, follow	ja=/travel-guide/hotels/tdl-hotel/ en=/en/travel-guide/hotels/tdl-hotel/ zh-Hans=/zh/travel-guide/hotels/tdl-hotel/ zh-Hant-TW=/zh-tw/travel-guide/hotels/tdl-hotel/ ko=/ko/travel-guide/hotels/tdl-hotel/ x-default=/en/travel-guide/hotels/tdl-hotel/	BlogPosting,BreadcrumbList,ImageObject,ListItem,Organization,WebPage	1
/life-guide/	浦安市の生活ガイド｜子育て・医療・防災・ごみ・公共施設まとめ | 浦安ぽーたる	https://urayasu-portal.com/life-guide/	index, follow	ja=/life-guide/	BreadcrumbList,ListItem	1
/life-guide/urayasu-kosodate-shien-matome/	浦安市の子育て支援・手当・助成まとめ｜妊娠・出産から小中学生まで使える制度ガイド | 浦安ぽーたる	https://urayasu-portal.com/life-guide/urayasu-kosodate-shien-matome/	index, follow	ja=/life-guide/urayasu-kosodate-shien-matome/	BlogPosting,BreadcrumbList,ImageObject,ListItem,Organization,WebPage	1
/open-close/	浦安 開店・閉店 まとめ年表 | 浦安ぽーたる	https://urayasu-portal.com/open-close/	index, follow	ja=/open-close/	BlogPosting,BreadcrumbList,ImageObject,ItemList,ListItem,Organization,WebPage	1
/posts/	記事一覧 | 浦安ぽーたる	https://urayasu-portal.com/posts/	index, follow	ja=/posts/ en=/en/posts/ zh-Hant-TW=/zh-tw/posts/ x-default=/en/posts/	BreadcrumbList,ListItem	1
/posts/trial-seiyu-urayasu-open/	【浦安】トライアル西友浦安店に注目　千葉県1号店を各メディアが報道 | 浦安ぽーたる	https://urayasu-portal.com/posts/trial-seiyu-urayasu-open/	index, follow	ja=/posts/trial-seiyu-urayasu-open/	BlogPosting,BreadcrumbList,Event,ImageObject,ListItem,Organization,Place,PostalAddress,WebPage	1
/posts/urayasu-tv-interference-november-2026/	【浦安市】11月19日からテレビ受信障害の可能性、市内のほぼ全域が対象 | 浦安ぽーたる	https://urayasu-portal.com/posts/urayasu-tv-interference-november-2026/	index, follow	ja=/posts/urayasu-tv-interference-november-2026/	BlogPosting,BreadcrumbList,Event,ImageObject,ListItem,Organization,Place,PostalAddress,WebPage	1
/search/	サイト内検索 | 浦安ぽーたる	https://urayasu-portal.com/search/	noindex, nofollow	ja=/search/ en=/en/search/ zh-Hans=/zh/search/ zh-Hant-TW=/zh-tw/search/ ko=/ko/search/ x-default=/en/search/	BlogPosting,BreadcrumbList,ImageObject,ListItem,Organization,WebPage	1
/travel-guide/	浦安・舞浜 旅行ガイド｜ホテル・観光・アクセス情報まとめ【地元発】 | 浦安ぽーたる	https://urayasu-portal.com/travel-guide/	index, follow	ja=/travel-guide/ en=/en/travel-guide/ zh-Hans=/zh/travel-guide/ zh-Hant-TW=/zh-tw/travel-guide/ ko=/ko/travel-guide/ x-default=/en/travel-guide/	BreadcrumbList,ListItem	1
/travel-guide/hotels/	浦安・舞浜エリアのホテルガイド｜全48軒を地元目線で徹底比較 | 浦安ぽーたる	https://urayasu-portal.com/travel-guide/hotels/	index, follow	ja=/travel-guide/hotels/ en=/en/travel-guide/hotels/ zh-Hans=/zh/travel-guide/hotels/ zh-Hant-TW=/zh-tw/travel-guide/hotels/ ko=/ko/travel-guide/hotels/ x-default=/en/travel-guide/hotels/	BreadcrumbList,ItemList,ListItem	1
/travel-guide/hotels/access/	浦安・舞浜エリア ホテルのアクセス完全比較｜パーク・駅・空港への行きやすさ【地元発】 | 浦安ぽーたる	https://urayasu-portal.com/travel-guide/hotels/access/	index, follow	ja=/travel-guide/hotels/access/ en=/en/travel-guide/hotels/access/ zh-Hans=/zh/travel-guide/hotels/access/ zh-Hant-TW=/zh-tw/travel-guide/hotels/access/ ko=/ko/travel-guide/hotels/access/ x-default=/en/travel-guide/hotels/access/	Answer,BlogPosting,BreadcrumbList,FAQPage,ImageObject,ListItem,Organization,Question,WebPage	1
/travel-guide/hotels/budget/	浦安・舞浜エリアの格安ホテル徹底比較｜2名1万円台から泊まれる宿【地元発】 | 浦安ぽーたる	https://urayasu-portal.com/travel-guide/hotels/budget/	index, follow	ja=/travel-guide/hotels/budget/ en=/en/travel-guide/hotels/budget/ zh-Hans=/zh/travel-guide/hotels/budget/ zh-Hant-TW=/zh-tw/travel-guide/hotels/budget/ ko=/ko/travel-guide/hotels/budget/ x-default=/en/travel-guide/hotels/budget/	Answer,BlogPosting,BreadcrumbList,FAQPage,ImageObject,ListItem,Organization,Question,WebPage	1
/travel-guide/hotels/compare/	ホテル比較マップ｜エリア・設備・価格で絞り込んで比較【浦安・舞浜】 | 浦安ぽーたる	https://urayasu-portal.com/travel-guide/hotels/compare/	index, follow	ja=/travel-guide/hotels/compare/ en=/en/travel-guide/hotels/compare/ zh-Hans=/zh/travel-guide/hotels/compare/ zh-Hant-TW=/zh-tw/travel-guide/hotels/compare/ ko=/ko/travel-guide/hotels/compare/ x-default=/en/travel-guide/hotels/compare/	BlogPosting,BreadcrumbList,ImageObject,ListItem,Organization,WebPage	1
/travel-guide/hotels/hilton-tokyo-bay/	ヒルトン東京ベイ｜館内に24時間コンビニ、パーク至近の大型オフィシャルホテル【地元レビュー】 | 浦安ぽーたる	https://urayasu-portal.com/travel-guide/hotels/hilton-tokyo-bay/	index, follow	ja=/travel-guide/hotels/hilton-tokyo-bay/ en=/en/travel-guide/hotels/hilton-tokyo-bay/ zh-Hans=/zh/travel-guide/hotels/hilton-tokyo-bay/ zh-Hant-TW=/zh-tw/travel-guide/hotels/hilton-tokyo-bay/ ko=/ko/travel-guide/hotels/hilton-tokyo-bay/ x-default=/en/travel-guide/hotels/hilton-tokyo-bay/	BlogPosting,BreadcrumbList,ImageObject,ListItem,Organization,WebPage	1
/travel-guide/hotels/kids/	子連れディズニーのホテル選び完全ガイド｜浦安・舞浜エリア徹底比較【地元発】 | 浦安ぽーたる	https://urayasu-portal.com/travel-guide/hotels/kids/	index, follow	ja=/travel-guide/hotels/kids/ en=/en/travel-guide/hotels/kids/ zh-Hans=/zh/travel-guide/hotels/kids/ zh-Hant-TW=/zh-tw/travel-guide/hotels/kids/ ko=/ko/travel-guide/hotels/kids/ x-default=/en/travel-guide/hotels/kids/	Answer,BlogPosting,BreadcrumbList,FAQPage,ImageObject,ListItem,Organization,Question,WebPage	1
/travel-guide/hotels/mystays-maihama/	ホテルマイステイズ舞浜｜TDS徒歩6分・全室フットマッサージ・焼き立てパン朝食が人気のビジネスホテル【地元レビュー】 | 浦安ぽーたる	https://urayasu-portal.com/travel-guide/hotels/mystays-maihama/	index, follow	ja=/travel-guide/hotels/mystays-maihama/ en=/en/travel-guide/hotels/mystays-maihama/ zh-Hans=/zh/travel-guide/hotels/mystays-maihama/ zh-Hant-TW=/zh-tw/travel-guide/hotels/mystays-maihama/ ko=/ko/travel-guide/hotels/mystays-maihama/ x-default=/en/travel-guide/hotels/mystays-maihama/	BlogPosting,BreadcrumbList,ImageObject,ListItem,Organization,WebPage	1
/travel-guide/hotels/tdl-hotel/	東京ディズニーランドホテル｜TDLゲート徒歩1分・15分早入園の最上級ディズニーホテル【地元レビュー】 | 浦安ぽーたる	https://urayasu-portal.com/travel-guide/hotels/tdl-hotel/	index, follow	ja=/travel-guide/hotels/tdl-hotel/ en=/en/travel-guide/hotels/tdl-hotel/ zh-Hans=/zh/travel-guide/hotels/tdl-hotel/ zh-Hant-TW=/zh-tw/travel-guide/hotels/tdl-hotel/ ko=/ko/travel-guide/hotels/tdl-hotel/ x-default=/en/travel-guide/hotels/tdl-hotel/	BlogPosting,BreadcrumbList,ImageObject,ListItem,Organization,WebPage	1
/zh-tw/	東京迪士尼度假區周邊旅遊指南 | Urayasu Portal	https://urayasu-portal.com/zh-tw/	index, follow	ja=/ en=/en/ zh-Hans=/zh/ zh-Hant-TW=/zh-tw/ ko=/ko/ x-default=/en/	ImageObject,Organization,WebSite	0
/zh-tw/travel-guide/	東京迪士尼度假區周邊旅遊指南 | 浦安·舞濱的飯店·交通·觀光 | Urayasu Portal	https://urayasu-portal.com/zh-tw/travel-guide/	index, follow	ja=/travel-guide/ en=/en/travel-guide/ zh-Hans=/zh/travel-guide/ zh-Hant-TW=/zh-tw/travel-guide/ ko=/ko/travel-guide/ x-default=/en/travel-guide/	BreadcrumbList,ListItem	1
/zh-tw/travel-guide/hotels/	浦安住宿·舞濱飯店全48家比較｜東京迪士尼樂園·海洋附近的在地視角飯店指南 | Urayasu Portal	https://urayasu-portal.com/zh-tw/travel-guide/hotels/	index, follow	ja=/travel-guide/hotels/ en=/en/travel-guide/hotels/ zh-Hans=/zh/travel-guide/hotels/ zh-Hant-TW=/zh-tw/travel-guide/hotels/ ko=/ko/travel-guide/hotels/ x-default=/en/travel-guide/hotels/	BreadcrumbList,ItemList,ListItem	1
/zh-tw/travel-guide/hotels/kids/	東京迪士尼親子飯店推薦 | 大浴場·寬敞客房·便利商店·距樂園近（在地視角） | Urayasu Portal	https://urayasu-portal.com/zh-tw/travel-guide/hotels/kids/	index, follow	ja=/travel-guide/hotels/kids/ en=/en/travel-guide/hotels/kids/ zh-Hans=/zh/travel-guide/hotels/kids/ zh-Hant-TW=/zh-tw/travel-guide/hotels/kids/ ko=/ko/travel-guide/hotels/kids/ x-default=/en/travel-guide/hotels/kids/	Answer,BlogPosting,BreadcrumbList,FAQPage,ImageObject,ListItem,Organization,Question,WebPage	1
/zh-tw/travel-guide/hotels/tdl-hotel/	東京迪士尼樂園大飯店 | 附頂棚通道1分鐘直達樂園·Happy Entry提前15分鐘·早餐6:30開始的頂級迪士尼飯店 | Urayasu Portal	https://urayasu-portal.com/zh-tw/travel-guide/hotels/tdl-hotel/	index, follow	ja=/travel-guide/hotels/tdl-hotel/ en=/en/travel-guide/hotels/tdl-hotel/ zh-Hans=/zh/travel-guide/hotels/tdl-hotel/ zh-Hant-TW=/zh-tw/travel-guide/hotels/tdl-hotel/ ko=/ko/travel-guide/hotels/tdl-hotel/ x-default=/en/travel-guide/hotels/tdl-hotel/	BlogPosting,BreadcrumbList,ImageObject,ListItem,Organization,WebPage	1
/zh/	东京迪士尼度假区周边旅行指南 | Urayasu Portal	https://urayasu-portal.com/zh/	index, follow	ja=/ en=/en/ zh-Hans=/zh/ zh-Hant-TW=/zh-tw/ ko=/ko/ x-default=/en/	ImageObject,Organization,WebSite	0
/zh/travel-guide/	东京迪士尼度假区周边旅行指南 | 浦安·舞滨的酒店·交通·观光 | Urayasu Portal	https://urayasu-portal.com/zh/travel-guide/	index, follow	ja=/travel-guide/ en=/en/travel-guide/ zh-Hans=/zh/travel-guide/ zh-Hant-TW=/zh-tw/travel-guide/ ko=/ko/travel-guide/ x-default=/en/travel-guide/	BreadcrumbList,ListItem	1
/zh/travel-guide/hotels/	东京迪士尼乐园·海洋附近48家酒店全比较｜本地视角酒店指南（浦安·舞滨） | Urayasu Portal	https://urayasu-portal.com/zh/travel-guide/hotels/	index, follow	ja=/travel-guide/hotels/ en=/en/travel-guide/hotels/ zh-Hans=/zh/travel-guide/hotels/ zh-Hant-TW=/zh-tw/travel-guide/hotels/ ko=/ko/travel-guide/hotels/ x-default=/en/travel-guide/hotels/	BreadcrumbList,ItemList,ListItem	1
/zh/travel-guide/hotels/kids/	东京迪士尼亲子酒店推荐 | 大浴场·宽敞客房·便利店·距乐园近（本地视角） | Urayasu Portal	https://urayasu-portal.com/zh/travel-guide/hotels/kids/	index, follow	ja=/travel-guide/hotels/kids/ en=/en/travel-guide/hotels/kids/ zh-Hans=/zh/travel-guide/hotels/kids/ zh-Hant-TW=/zh-tw/travel-guide/hotels/kids/ ko=/ko/travel-guide/hotels/kids/ x-default=/en/travel-guide/hotels/kids/	Answer,BlogPosting,BreadcrumbList,FAQPage,ImageObject,ListItem,Organization,Question,WebPage	1
/zh/travel-guide/hotels/tdl-hotel/	东京迪士尼乐园大饭店 | 带顶棚通道1分钟直达乐园·Happy Entry提前15分钟·早餐6:30开始的顶级迪士尼饭店 | Urayasu Portal	https://urayasu-portal.com/zh/travel-guide/hotels/tdl-hotel/	index, follow	ja=/travel-guide/hotels/tdl-hotel/ en=/en/travel-guide/hotels/tdl-hotel/ zh-Hans=/zh/travel-guide/hotels/tdl-hotel/ zh-Hant-TW=/zh-tw/travel-guide/hotels/tdl-hotel/ ko=/ko/travel-guide/hotels/tdl-hotel/ x-default=/en/travel-guide/hotels/tdl-hotel/	BlogPosting,BreadcrumbList,ImageObject,ListItem,Organization,WebPage	1
